Category ,Product ID,Products,Sub-Category
Furniture,FUR-BO-10001798,Bush Somerset Collection Bookcase,Bookcases
Furniture,FUR-CH-10000454,"Hon Deluxe Fabric Upholstered Stacking Chairs, Rounded Back",Chairs
Office Supplies,OFF-LA-10000240,Self-Adhesive Address Labels for Typewriters by Universal,Labels
Furniture,FUR-TA-10000577,Bretford CR4500 Series Slim Rectangular Table,Tables
Office Supplies,OFF-ST-10000760,Eldon Fold 'N Roll Cart System,Storage
Furniture,FUR-FU-10001487,"Eldon Expressions Wood and Plastic Desk Accessories, Cherry Wood",Furnishings
Office Supplies,OFF-AR-10002833,Newell 322,Art
Technology,TEC-PH-10002275,Mitel 5320 IP Phone VoIP phone,Phones
Office Supplies,OFF-BI-10003910,DXL Angle-View Binders with Locking Rings by Samsill,Binders
Office Supplies,OFF-AP-10002892,Belkin F5C206VTEL 6 Outlet Surge,Appliances
Furniture,FUR-TA-10001539,Chromcraft Rectangular Conference Tables,Tables
Technology,TEC-PH-10002033,Konftel 250 Conference phone - Charcoal black,Phones
Office Supplies,OFF-PA-10002365,Xerox 1967,Paper
Office Supplies,OFF-BI-10003656,Fellowes PB200 Plastic Comb Binding Machine,Binders
Office Supplies,OFF-AP-10002311,"Holmes Replacement Filter for HEPA Air Cleaner, Very Large Room, HEPA Filter",Appliances
Office Supplies,OFF-BI-10000756,Storex DuraTech Recycled Plastic Frosted Binders,Binders
Office Supplies,OFF-ST-10004186,"Stur-D-Stor Shelving, Vertical 5-Shelf: 72""H x 36""W x 18 1/2""D",Storage
Office Supplies,OFF-ST-10000107,Fellowes Super Stor/Drawer,Storage
Office Supplies,OFF-AR-10003056,Newell 341,Art
Technology,TEC-PH-10001949,Cisco SPA 501G IP Phone,Phones
Office Supplies,OFF-BI-10002215,"Wilson Jones Hanging View Binder, White, 1""",Binders
Office Supplies,OFF-AR-10000246,Newell 318,Art
Office Supplies,OFF-AP-10001492,"Acco Six-Outlet Power Strip, 4' Cord Length",Appliances
Furniture,FUR-CH-10002774,"Global Deluxe Stacking Chair, Gray",Chairs
Furniture,FUR-TA-10000577,Bretford CR4500 Series Slim Rectangular Table,Tables
Office Supplies,OFF-BI-10001634,Wilson Jones Active Use Binders,Binders
Technology,TEC-AC-10003027,Imation 8GB Mini TravelDrive USB 2.0 Flash Drive,Accessories
Furniture,FUR-BO-10004834,"Riverside Palais Royal Lawyers Bookcase, Royale Cherry Finish",Bookcases
Office Supplies,OFF-BI-10000474,Avery Recycled Flexi-View Covers for Binding Systems,Binders
Furniture,FUR-FU-10004848,"Howard Miller 13-3/4"" Diameter Brushed Chrome Round Wall Clock",Furnishings
Office Supplies,OFF-EN-10001509,Poly String Tie Envelopes,Envelopes
Office Supplies,OFF-AR-10004042,"BOSTON Model 1800 Electric Pencil Sharpeners, Putty/Woodgrain",Art
Office Supplies,OFF-BI-10001525,"Acco Pressboard Covers with Storage Hooks, 14 7/8"" x 11"", Executive Red",Binders
Office Supplies,OFF-AR-10001683,Lumber Crayons,Art
Office Supplies,OFF-PA-10000249,Easy-staple paper,Paper
Technology,TEC-PH-10004977,GE 30524EE4,Phones
Furniture,FUR-FU-10003664,"Electrix Architect's Clamp-On Swing Arm Lamp, Black",Furnishings
Office Supplies,OFF-EN-10002986,"#10-4 1/8"" x 9 1/2"" Premium Diagonal Seam Envelopes",Envelopes
Furniture,FUR-BO-10002545,"Atlantic Metals Mobile 3-Shelf Bookcases, Custom Colors",Bookcases
Furniture,FUR-CH-10004218,"Global Fabric Manager's Chair, Dark Gray",Chairs
Technology,TEC-PH-10000486,Plantronics HL10 Handset Lifter,Phones
Technology,TEC-PH-10004093,Panasonic Kx-TS550,Phones
Office Supplies,OFF-ST-10003479,"Eldon Base for stackable storage shelf, platinum",Storage
Office Supplies,OFF-ST-10003282,"Advantus 10-Drawer Portable Organizer, Chrome Metal Frame, Smoke Drawers",Storage
Technology,TEC-AC-10000171,"Verbatim 25 GB 6x Blu-ray Single Layer Recordable Disc, 25/Pack",Accessories
Office Supplies,OFF-BI-10003291,Wilson Jones Leather-Like Binders with DublLock Round Rings,Binders
Office Supplies,OFF-ST-10001713,"Gould Plastics 9-Pocket Panel Bin, 18-3/8w x 5-1/4d x 20-1/2h, Black",Storage
Technology,TEC-AC-10002167,Imation 8gb Micro Traveldrive Usb 2.0 Flash Drive,Accessories
Technology,TEC-PH-10003988,"LF Elite 3D Dazzle Designer Hard Case Cover, Lf Stylus Pen and Wiper For Apple Iphone 5c Mini Lite",Phones
Office Supplies,OFF-BI-10004410,"C-Line Peel & Stick Add-On Filing Pockets, 8-3/4 x 5-1/8, 10/Pack",Binders
Office Supplies,OFF-LA-10002762,Avery 485,Labels
Furniture,FUR-FU-10001706,Longer-Life Soft White Bulbs,Furnishings
Furniture,FUR-CH-10003061,"Global Leather Task Chair, Black",Chairs
Office Supplies,OFF-FA-10000304,Advantus Push Pins,Fasteners
Technology,TEC-PH-10002447,AT&T CL83451 4-Handset Telephone,Phones
Office Supplies,OFF-ST-10000604,Home/Office Personal File Carts,Storage
Office Supplies,OFF-PA-10001569,Xerox 232,Paper
Furniture,FUR-CH-10003968,Novimex Turbo Task Chair,Chairs
Office Supplies,OFF-PA-10000587,"Array Parchment Paper, Assorted Colors",Paper
Technology,TEC-AC-10002167,Imation 8gb Micro Traveldrive Usb 2.0 Flash Drive,Accessories
Office Supplies,OFF-BI-10001460,Plastic Binding Combs,Binders
Office Supplies,OFF-AR-10001868,Prang Dustless Chalk Sticks,Art
Technology,TEC-AC-10004633,"Verbatim 25 GB 6x Blu-ray Single Layer Recordable Disc, 3/Pack",Accessories
Office Supplies,OFF-BI-10001078,"Acco PRESSTEX Data Binder with Storage Hooks, Dark Blue, 14 7/8"" X 11""",Binders
Office Supplies,OFF-PA-10003892,Xerox 1943,Paper
Furniture,FUR-FU-10000397,Luxo Economy Swing Arm Lamp,Furnishings
Furniture,FUR-CH-10001146,"Global Value Mid-Back Manager's Chair, Gray",Chairs
Office Supplies,OFF-AR-10002671,"Hunt BOSTON Model 1606 High-Volume Electric Pencil Sharpener, Beige",Art
Technology,TEC-PH-10002726,netTALK DUO VoIP Telephone Service,Phones
Office Supplies,OFF-PA-10000482,"Snap-A-Way Black Print Carbonless Ruled Speed Letter, Triplicate",Paper
Office Supplies,OFF-BI-10004654,Avery Binding System Hidden Tab Executive Style Index Sets,Binders
Office Supplies,OFF-PA-10004675,"Telephone Message Books with Fax/Mobile Section, 5 1/2"" x 3 3/16""",Paper
Furniture,FUR-CH-10000513,High-Back Leather Manager's Chair,Chairs
Furniture,FUR-FU-10003708,"Tenex Traditional Chairmats for Medium Pile Carpet, Standard Lip, 36"" x 48""",Furnishings
Office Supplies,OFF-ST-10004123,Safco Industrial Wire Shelving System,Storage
Office Supplies,OFF-BI-10004182,Economy Binders,Binders
Furniture,FUR-FU-10000260,"6"" Cubicle Wall Clock, Black",Furnishings
Office Supplies,OFF-ST-10000615,"SimpliFile Personal File, Black Granite, 15w x 6-15/16d x 11-1/4h",Storage
Furniture,FUR-FU-10003194,"Eldon Expressions Desk Accessory, Wood Pencil Holder, Oak",Furnishings
Office Supplies,OFF-AP-10002118,"1.7 Cubic Foot Compact ""Cube"" Office Refrigerators",Appliances
Office Supplies,OFF-BI-10002309,Avery Heavy-Duty EZD  Binder With Locking Rings,Binders
Office Supplies,OFF-AR-10002053,"Premium Writing Pencils, Soft, #2 by Central Association for the Blind",Art
Office Supplies,OFF-ST-10002370,"Sortfiler Multipurpose Personal File Organizer, Black",Storage
Office Supplies,OFF-EN-10000927,Jet-Pak Recycled Peel 'N' Seal Padded Mailers,Envelopes
Office Supplies,OFF-ST-10003656,Safco Industrial Wire Shelving,Storage
Furniture,FUR-CH-10000863,Novimex Swivel Fabric Task Chair,Chairs
Technology,TEC-AC-10001998,Logitech LS21 Speaker System - PC Multimedia - 2.1-CH - Wired,Accessories
Office Supplies,OFF-LA-10000134,Avery 511,Labels
Office Supplies,OFF-ST-10003442,Eldon Portable Mobile Manager,Storage
Office Supplies,OFF-AR-10004930,Turquoise Lead Holder with Pocket Clip,Art
Technology,TEC-PH-10004093,Panasonic Kx-TS550,Phones
Office Supplies,OFF-PA-10000304,Xerox 1995,Paper
Office Supplies,OFF-PA-10003177,Xerox 1999,Paper
Furniture,FUR-FU-10003799,"Seth Thomas 13 1/2"" Wall Clock",Furnishings
Office Supplies,OFF-BI-10002852,Ibico Standard Transparent Covers,Binders
Office Supplies,OFF-BI-10004738,Flexible Leather- Look Classic Collection Ring Binder,Binders
Furniture,FUR-FU-10000629,9-3/4 Diameter Round Wall Clock,Furnishings
Office Supplies,OFF-BI-10001721,Trimflex Flexible Post Binders,Binders
Office Supplies,OFF-AP-10000358,Fellowes Basic Home/Office Series Surge Protectors,Appliances
Office Supplies,OFF-PA-10003256,Avery Personal Creations Heavyweight Cards,Paper
Technology,TEC-AC-10001767,SanDisk Ultra 64 GB MicroSDHC Class 10 Memory Card,Accessories
Office Supplies,OFF-BI-10002609,Avery Hidden Tab Dividers for Binding Systems,Binders
Office Supplies,OFF-PA-10004040,Universal Premium White Copier/Laser Paper (20Lb. and 87 Bright),Paper
Technology,TEC-AC-10001552,Logitech K350 2.4Ghz Wireless Keyboard,Accessories
Furniture,FUR-FU-10004006,"Deflect-o DuraMat Lighweight, Studded, Beveled Mat for Low Pile Carpeting",Furnishings
Office Supplies,OFF-BI-10002794,"Avery Trapezoid Ring Binder, 3"" Capacity, Black, 1040 sheets",Binders
Technology,TEC-AC-10003499,Memorex Mini Travel Drive 8 GB USB 2.0 Flash Drive,Accessories
Technology,TEC-PH-10002844,Speck Products Candyshell Flip Case,Phones
Office Supplies,OFF-AR-10000390,Newell Chalk Holder,Art
Technology,TEC-AC-10000844,Logitech Gaming G510s - Keyboard,Accessories
Furniture,FUR-FU-10001934,Magnifier Swing Arm Lamp,Furnishings
Office Supplies,OFF-AR-10000380,"Hunt PowerHouse Electric Pencil Sharpener, Blue",Art
Office Supplies,OFF-BI-10003981,"Avery Durable Plastic 1"" Binders",Binders
Office Supplies,OFF-FA-10000621,"OIC Colored Binder Clips, Assorted Sizes",Fasteners
Office Supplies,OFF-EN-10002600,"Redi-Strip #10 Envelopes, 4 1/8 x 9 1/2",Envelopes
Office Supplies,OFF-PA-10004965,Xerox 1921,Paper
Office Supplies,OFF-EN-10002504,"Tyvek  Top-Opening Peel & Seel Envelopes, Plain White",Envelopes
Furniture,FUR-TA-10001768,Hon Racetrack Conference Tables,Tables
Office Supplies,OFF-BI-10003650,GBC DocuBind 300 Electric Binding Machine,Binders
Furniture,FUR-FU-10002157,Artistic Insta-Plaque,Furnishings
Office Supplies,OFF-BI-10003910,DXL Angle-View Binders with Locking Rings by Samsill,Binders
Office Supplies,OFF-ST-10000777,"Companion Letter/Legal File, Black",Storage
Office Supplies,OFF-EN-10002500,Globe Weis Peel & Seel First Class Envelopes,Envelopes
Technology,TEC-PH-10003875,KLD Oscar II Style Snap-on Ultra Thin Side Flip Synthetic Leather Cover Case for HTC One HTC M7,Phones
Furniture,FUR-CH-10004063,Global Deluxe High-Back Manager's Chair,Chairs
Furniture,FUR-TA-10004534,Bevis 44 x 96 Conference Tables,Tables
Office Supplies,OFF-BI-10003274,"Avery Durable Slant Ring Binders, No Labels",Binders
Office Supplies,OFF-ST-10002974,"Trav-L-File Heavy-Duty Shuttle II, Black",Storage
Furniture,FUR-CH-10001146,"Global Task Chair, Black",Chairs
Furniture,FUR-FU-10003773,Eldon Cleatmat Plus Chair Mats for High Pile Carpets,Furnishings
Technology,TEC-PH-10002293,Anker 36W 4-Port USB Wall Charger Travel Power Adapter for iPhone 5s 5c 5,Phones
Office Supplies,OFF-PA-10002377,Xerox 1916,Paper
Office Supplies,OFF-FA-10002780,Staples,Fasteners
Office Supplies,OFF-PA-10001804,Xerox 195,Paper
Office Supplies,OFF-PA-10001736,Xerox 1880,Paper
Office Supplies,OFF-AR-10001149,"Sanford Colorific Colored Pencils, 12/Box",Art
Office Supplies,OFF-FA-10002988,Ideal Clamps,Fasteners
Office Supplies,OFF-BI-10004781,GBC Wire Binding Strips,Binders
Office Supplies,OFF-SU-10001218,Fiskars Softgrip Scissors,Supplies
Furniture,FUR-FU-10001706,Longer-Life Soft White Bulbs,Furnishings
Furniture,FUR-FU-10004848,"Howard Miller 13-3/4"" Diameter Brushed Chrome Round Wall Clock",Furnishings
Office Supplies,OFF-AR-10000940,Newell 343,Art
Office Supplies,OFF-EN-10004030,Convenience Packs of Business Envelopes,Envelopes
Office Supplies,OFF-PA-10004327,Xerox 1911,Paper
Office Supplies,OFF-AP-10001058,Sanyo 2.5 Cubic Foot Mid-Size Office Refrigerators,Appliances
Office Supplies,OFF-ST-10003656,Safco Industrial Wire Shelving,Storage
Furniture,FUR-FU-10000521,"Seth Thomas 14"" Putty-Colored Wall Clock",Furnishings
Technology,TEC-PH-10000215,Plantronics Cordless Phone Headset with In-line Volume - M214C,Phones
Technology,TEC-PH-10001448,Anker Astro 15000mAh USB Portable Charger,Phones
Furniture,FUR-CH-10000454,"Hon Deluxe Fabric Upholstered Stacking Chairs, Rounded Back",Chairs
Office Supplies,OFF-BI-10002735,GBC Prestige Therm-A-Bind Covers,Binders
Office Supplies,OFF-AP-10000326,Belkin 7 Outlet SurgeMaster Surge Protector with Phone Protection,Appliances
Technology,TEC-PH-10001254,Jabra BIZ 2300 Duo QD Duo Corded Headset,Phones
Office Supplies,OFF-PA-10001950,Southworth 25% Cotton Antique Laid Paper & Envelopes,Paper
Office Supplies,OFF-PA-10002254,Xerox 1883,Paper
Office Supplies,OFF-ST-10001590,"Tenex Personal Project File with Scoop Front Design, Black",Storage
Office Supplies,OFF-AR-10001547,Newell 311,Art
Furniture,FUR-CH-10004063,Global Deluxe High-Back Manager's Chair,Chairs
Office Supplies,OFF-LA-10002475,Avery 519,Labels
Technology,TEC-PH-10004536,Avaya 5420 Digital phone,Phones
Office Supplies,OFF-PA-10002751,Xerox 1920,Paper
Technology,TEC-AC-10003657,Lenovo 17-Key USB Numeric Keypad,Accessories
Office Supplies,OFF-EN-10001990,Staple envelope,Envelopes
Office Supplies,OFF-BI-10004002,Wilson Jones International Size A4 Ring Binders,Binders
Office Supplies,OFF-AR-10004441,BIC Brite Liner Highlighters,Art
Technology,TEC-MA-10000822,Lexmark MX611dhe Monochrome Laser Printer,Machines
Office Supplies,OFF-ST-10000991,Space Solutions HD Industrial Steel Shelving.,Storage
Furniture,FUR-CH-10004287,SAFCO Arco Folding Chair,Chairs
Office Supplies,OFF-AR-10002656,Sanford Liquid Accent Highlighters,Art
Office Supplies,OFF-AP-10002518,Kensington 7 Outlet MasterPiece Power Center,Appliances
Technology,TEC-PH-10003931,JBL Micro Wireless Portable Bluetooth Speaker,Phones
Office Supplies,OFF-PA-10000659,"Adams Phone Message Book, Professional, 400 Message Capacity, 5 3/6” x 11”",Paper
Office Supplies,OFF-PA-10001144,Xerox 1913,Paper
Furniture,FUR-CH-10003817,"Global Value Steno Chair, Gray",Chairs
Office Supplies,OFF-AP-10000891,Kensington 7 Outlet MasterPiece HOMEOFFICE Power Control Center,Appliances
Office Supplies,OFF-LA-10003148,Avery 51,Labels
Office Supplies,OFF-AP-10002684,"Acco 7-Outlet Masterpiece Power Center, Wihtout Fax/Phone Line Protection",Appliances
Furniture,FUR-CH-10004698,"Padded Folding Chairs, Black, 4/Carton",Chairs
Office Supplies,OFF-SU-10002189,Acme Rosewood Handle Letter Opener,Supplies
Office Supplies,OFF-AR-10001940,"Sanford Colorific Eraseable Coloring Pencils, 12 Count",Art
Office Supplies,OFF-ST-10003455,"Tenex File Box, Personal Filing Tote with Lid, Black",Storage
Technology,TEC-AC-10004659,Imation Secure+ Hardware Encrypted USB 2.0 Flash Drive; 16GB,Accessories
Technology,TEC-PH-10003273,AT&T TR1909W,Phones
Technology,TEC-PH-10004896,Nokia Lumia 521 (T-Mobile),Phones
Technology,TEC-AC-10002345,HP Standard 104 key PS/2 Keyboard,Accessories
Office Supplies,OFF-BI-10001890,Avery Poly Binder Pockets,Binders
Technology,TEC-AC-10002323,SanDisk Ultra 32 GB MicroSDHC Class 10 Memory Card,Accessories
Office Supplies,OFF-ST-10001328,"Personal Filing Tote with Lid, Black/Gray",Storage
Office Supplies,OFF-PA-10001950,Southworth 25% Cotton Antique Laid Paper & Envelopes,Paper
Furniture,FUR-BO-10002613,"Atlantic Metals Mobile 4-Shelf Bookcases, Custom Colors",Bookcases
Technology,TEC-PH-10001552,I Need's 3d Hello Kitty Hybrid Silicone Case Cover for HTC One X 4g with 3d Hello Kitty Stylus Pen Green/pink,Phones
Office Supplies,OFF-PA-10000061,Xerox 205,Paper
Furniture,FUR-BO-10002545,"Atlantic Metals Mobile 3-Shelf Bookcases, Custom Colors",Bookcases
Office Supplies,OFF-AR-10003514,4009 Highlighters by Sanford,Art
Office Supplies,OFF-EN-10001509,Poly String Tie Envelopes,Envelopes
Office Supplies,OFF-AR-10004685,"Binney & Smith Crayola Metallic Colored Pencils, 8-Color Set",Art
Office Supplies,OFF-AR-10004027,"Binney & Smith inkTank Erasable Desk Highlighter, Chisel Tip, Yellow, 12/Box",Art
Office Supplies,OFF-ST-10001414,Decoflex Hanging Personal Folder File,Storage
Office Supplies,OFF-BI-10000343,"Pressboard Covers with Storage Hooks, 9 1/2"" x 11"", Light Blue",Binders
Office Supplies,OFF-PA-10002749,"Wirebound Message Books, 5-1/2 x 4 Forms, 2 or 4 Forms per Page",Paper
Office Supplies,OFF-PA-10002666,Southworth 25% Cotton Linen-Finish Paper & Envelopes,Paper
Furniture,FUR-TA-10004289,BoxOffice By Design Rectangular and Half-Moon Meeting Room Tables,Tables
Office Supplies,OFF-AP-10003622,"Bravo II Megaboss 12-Amp Hard Body Upright, Replacement Belts, 2 Belts per Pack",Appliances
Office Supplies,OFF-AP-10003217,Eureka Sanitaire  Commercial Upright,Appliances
Furniture,FUR-FU-10002960,"Eldon 200 Class Desk Accessories, Burgundy",Furnishings
Technology,TEC-PH-10001918,Nortel Business Series Terminal T7208 Digital phone,Phones
Office Supplies,OFF-ST-10000642,"Tennsco Lockers, Gray",Storage
Technology,TEC-PH-10001700,Panasonic KX-TG6844B Expandable Digital Cordless Telephone,Phones
Office Supplies,OFF-BI-10003274,"Avery Durable Slant Ring Binders, No Labels",Binders
Office Supplies,OFF-FA-10000134,"Advantus Push Pins, Aluminum Head",Fasteners
Office Supplies,OFF-ST-10001522,"Gould Plastics 18-Pocket Panel Bin, 34w x 5-1/4d x 20-1/2h",Storage
Technology,TEC-AC-10001266,Memorex Micro Travel Drive 8 GB,Accessories
Office Supplies,OFF-LA-10004544,Avery 505,Labels
Furniture,FUR-BO-10004695,O'Sullivan 2-Door Barrister Bookcase in Odessa Pine,Bookcases
Technology,TEC-PH-10002844,Speck Products Candyshell Flip Case,Phones
Technology,TEC-MA-10000864,Cisco 9971 IP Video Phone Charcoal,Machines
Technology,TEC-AC-10000109,Sony Micro Vault Click 16 GB USB 2.0 Flash Drive,Accessories
Office Supplies,OFF-ST-10001328,"Personal Filing Tote with Lid, Black/Gray",Storage
Technology,TEC-PH-10002563,Adtran 1202752G1,Phones
Office Supplies,OFF-FA-10000585,OIC Bulk Pack Metal Binder Clips,Fasteners
Office Supplies,OFF-PA-10004000,"While You Were Out Pads, 50 per Pad, 4 x 5 1/4, Green Cycle",Paper
Office Supplies,OFF-BI-10002852,Ibico Standard Transparent Covers,Binders
Furniture,FUR-FU-10000087,"Executive Impressions 14"" Two-Color Numerals Wall Clock",Furnishings
Technology,TEC-MA-10001148,Swingline SM12-08 MicroCut Jam Free Shredder,Machines
Office Supplies,OFF-AR-10001958,Stanley Bostitch Contemporary Electric Pencil Sharpeners,Art
Office Supplies,OFF-AR-10001026,"Sanford Uni-Blazer View Highlighters, Chisel Tip, Yellow",Art
Furniture,FUR-TA-10003748,Bevis 36 x 72 Conference Tables,Tables
Office Supplies,OFF-ST-10002485,Rogers Deluxe File Chest,Storage
Furniture,FUR-CH-10004860,Global Low Back Tilter Chair,Chairs
Furniture,FUR-CH-10004477,"Global Push Button Manager's Chair, Indigo",Chairs
Office Supplies,OFF-BI-10001679,GBC Instant Index System for Binding Systems,Binders
Furniture,FUR-TA-10001705,Bush Advantage Collection Round Conference Table,Tables
Furniture,FUR-TA-10003473,Bretford Rectangular Conference Table Tops,Tables
Office Supplies,OFF-BI-10001679,GBC Instant Index System for Binding Systems,Binders
Furniture,FUR-FU-10004017,"Tenex Contemporary Contur Chairmats for Low and Medium Pile Carpet, Computer, 39"" x 49""",Furnishings
Technology,TEC-AC-10003832,Logitech P710e Mobile Speakerphone,Accessories
Office Supplies,OFF-PA-10002479,Xerox 4200 Series MultiUse Premium Copy Paper (20Lb. and 84 Bright),Paper
Office Supplies,OFF-PA-10003349,Xerox 1957,Paper
Furniture,FUR-FU-10000576,Luxo Professional Fluorescent Magnifier Lamp with Clamp-Mount Base,Furnishings
Furniture,FUR-FU-10004351,Staple-based wall hangings,Furnishings
Technology,TEC-PH-10000011,PureGear Roll-On Screen Protector,Phones
Furniture,FUR-TA-10002607,KI Conference Tables,Tables
Furniture,FUR-FU-10002505,Eldon 100 Class Desk Accessories,Furnishings
Office Supplies,OFF-AR-10004685,"Binney & Smith Crayola Metallic Colored Pencils, 8-Color Set",Art
Furniture,FUR-CH-10004063,Global Deluxe High-Back Manager's Chair,Chairs
Office Supplies,OFF-ST-10002276,Safco Steel Mobile File Cart,Storage
Office Supplies,OFF-PA-10004082,"Adams Telephone Message Book w/Frequently-Called Numbers Space, 400 Messages per Book",Paper
Office Supplies,OFF-AP-10002945,Honeywell Enviracaire Portable HEPA Air Cleaner for 17' x 22' Room,Appliances
Office Supplies,OFF-PA-10000061,Xerox 205,Paper
Furniture,FUR-CH-10002965,"Global Leather Highback Executive Chair with Pneumatic Height Adjustment, Black",Chairs
Office Supplies,OFF-PA-10004569,"Wirebound Message Books, Two 4 1/4"" x 5"" Forms per Page",Paper
Technology,TEC-AC-10003832,Logitech P710e Mobile Speakerphone,Accessories
Office Supplies,OFF-ST-10001228,"Fellowes Personal Hanging Folder Files, Navy",Storage
Office Supplies,OFF-EN-10003296,Tyvek Side-Opening Peel & Seel Expanding Envelopes,Envelopes
Furniture,FUR-FU-10002505,Eldon 100 Class Desk Accessories,Furnishings
Office Supplies,OFF-ST-10004804,"Belkin 19"" Vented Equipment Shelf, Black",Storage
Office Supplies,OFF-ST-10001590,"Tenex Personal Project File with Scoop Front Design, Black",Storage
Technology,TEC-PH-10001580,Logitech Mobile Speakerphone P710e - speaker phone,Phones
Technology,TEC-AC-10000290,Sabrent 4-Port USB 2.0 Hub,Accessories
Office Supplies,OFF-ST-10002790,Safco Industrial Shelving,Storage
Office Supplies,OFF-BI-10003460,Acco 3-Hole Punch,Binders
Office Supplies,OFF-AP-10002203,Eureka Disposable Bags for Sanitaire Vibra Groomer I Upright Vac,Appliances
Technology,TEC-MA-10000822,Lexmark MX611dhe Monochrome Laser Printer,Machines
Technology,TEC-MA-10003353,Xerox WorkCentre 6505DN Laser Multifunction Printer,Machines
Technology,TEC-PH-10001433,Cisco Small Business SPA 502G VoIP phone,Phones
Technology,TEC-AC-10004469,Microsoft Sculpt Comfort Mouse,Accessories
Office Supplies,OFF-AR-10003602,"Quartet Omega Colored Chalk, 12/Pack",Art
Office Supplies,OFF-FA-10003472,Bagged Rubber Bands,Fasteners
Office Supplies,OFF-ST-10004180,Safco Commercial Shelving,Storage
Office Supplies,OFF-EN-10004386,"Recycled Interoffice Envelopes with String and Button Closure, 10 x 13",Envelopes
Office Supplies,OFF-ST-10003208,Adjustable Depth Letter/Legal Cart,Storage
Technology,TEC-AC-10003628,Logitech 910-002974 M325 Wireless Mouse for Web Scrolling,Accessories
Furniture,FUR-FU-10003274,Regeneration Desk Collection,Furnishings
Office Supplies,OFF-BI-10002557,Presstex Flexible Ring Binders,Binders
Office Supplies,OFF-PA-10002615,"Ampad Gold Fibre Wirebound Steno Books, 6"" x 9"", Gregg Ruled",Paper
Office Supplies,OFF-AR-10001427,Newell 330,Art
Office Supplies,OFF-PA-10000673,"Post-it “Important Message” Note Pad, Neon Colors, 50 Sheets/Pad",Paper
Office Supplies,OFF-PA-10004470,"Adams Write n' Stick Phone Message Book, 11"" X 5 1/4"", 200 Messages",Paper
Office Supplies,OFF-ST-10000876,Eldon Simplefile Box Office,Storage
Office Supplies,OFF-LA-10002043,Avery 489,Labels
Office Supplies,OFF-BI-10004967,Round Ring Binders,Binders
Technology,TEC-PH-10001760,Bose SoundLink Bluetooth Speaker,Phones
Furniture,FUR-TA-10002903,"Bevis Round Bullnose 29"" High Table Top",Tables
Office Supplies,OFF-PA-10000474,Easy-staple paper,Paper
Technology,TEC-AC-10001956,Microsoft Arc Touch Mouse,Accessories
Office Supplies,OFF-PA-10004100,Xerox 216,Paper
Office Supplies,OFF-BI-10000778,GBC VeloBinder Electric Binding Machine,Binders
Office Supplies,OFF-AP-10002684,"Acco 7-Outlet Masterpiece Power Center, Wihtout Fax/Phone Line Protection",Appliances
Office Supplies,OFF-SU-10000646,Premier Automatic Letter Opener,Supplies
Office Supplies,OFF-FA-10002983,Advantus SlideClip Paper Clips,Fasteners
Office Supplies,OFF-LA-10004689,Avery 512,Labels
Technology,TEC-AC-10002001,Logitech Wireless Gaming Headset G930,Accessories
Furniture,FUR-BO-10004709,"Bush Westfield Collection Bookcases, Medium Cherry Finish",Bookcases
Furniture,FUR-FU-10004091,"Howard Miller 13"" Diameter Goldtone Round Wall Clock",Furnishings
Furniture,FUR-CH-10001891,Global Deluxe Office Fabric Chairs,Chairs
Furniture,FUR-FU-10002918,Eldon ClusterMat Chair Mat with Cordless Antistatic Protection,Furnishings
Office Supplies,OFF-BI-10004593,Ibico Laser Imprintable Binding System Covers,Binders
Office Supplies,OFF-FA-10004854,"Vinyl Coated Wire Paper Clips in Organizer Box, 800/Box",Fasteners
Office Supplies,OFF-PA-10002105,Xerox 223,Paper
Office Supplies,OFF-ST-10002756,"Tennsco Stur-D-Stor Boltless Shelving, 5 Shelves, 24"" Deep, Sand",Storage
Office Supplies,OFF-PA-10004243,Xerox 1939,Paper
Furniture,FUR-FU-10001861,"Floodlight Indoor Halogen Bulbs, 1 Bulb per Pack, 60 Watts",Furnishings
Office Supplies,OFF-BI-10002706,Avery Premier Heavy-Duty Binder with Round Locking Rings,Binders
Furniture,FUR-TA-10002533,BPI Conference Tables,Tables
Furniture,FUR-FU-10002671,Electrix 20W Halogen Replacement Bulb for Zoom-In Desk Lamp,Furnishings
Office Supplies,OFF-AR-10003651,Newell 350,Art
Office Supplies,OFF-BI-10001072,"GBC Clear Cover, 8-1/2 x 11, unpunched, 25 covers per pack",Binders
Office Supplies,OFF-AR-10002135,Boston Heavy-Duty Trimline Electric Pencil Sharpeners,Art
Office Supplies,OFF-AR-10002804,Faber Castell Col-Erase Pencils,Art
Furniture,FUR-FU-10001918,C-Line Cubicle Keepers Polyproplyene Holder With Velcro Backings,Furnishings
Furniture,FUR-CH-10004086,Hon 4070 Series Pagoda Armless Upholstered Stacking Chairs,Chairs
Furniture,FUR-FU-10001756,"Eldon Expressions Desk Accessory, Wood Photo Frame, Mahogany",Furnishings
Office Supplies,OFF-LA-10000634,Avery 509,Labels
Furniture,FUR-FU-10001588,"Deflect-o SuperTray Unbreakable Stackable Tray, Letter, Black",Furnishings
Technology,TEC-PH-10002398,AT&T 1070 Corded Phone,Phones
Office Supplies,OFF-PA-10001937,Xerox 21,Paper
Office Supplies,OFF-AR-10003373,"Boston School Pro Electric Pencil Sharpener, 1670",Art
Furniture,FUR-CH-10002602,DMI Arturo Collection Mission-style Design Wood Chair,Chairs
Technology,TEC-MA-10002927,Canon imageCLASS MF7460 Monochrome Digital Laser Multifunction Copier,Machines
Technology,TEC-PH-10004093,Panasonic Kx-TS550,Phones
Technology,TEC-AC-10000892,NETGEAR N750 Dual Band Wi-Fi Gigabit Router,Accessories
Office Supplies,OFF-ST-10002974,"Trav-L-File Heavy-Duty Shuttle II, Black",Storage
Office Supplies,OFF-FA-10000624,OIC Binder Clips,Fasteners
Office Supplies,OFF-BI-10004593,Ibico Laser Imprintable Binding System Covers,Binders
Technology,TEC-AC-10001908,Logitech Wireless Headset h800,Accessories
Furniture,FUR-FU-10001967,Telescoping Adjustable Floor Lamp,Furnishings
Technology,TEC-PH-10003645,Aastra 57i VoIP phone,Phones
Office Supplies,OFF-ST-10000675,"File Shuttle II and Handi-File, Black",Storage
Furniture,FUR-CH-10003312,Hon 2090 “Pillow Soft” Series Mid Back Swivel/Tilt Chairs,Chairs
Office Supplies,OFF-LA-10001074,Round Specialty Laser Printer Labels,Labels
Office Supplies,OFF-BI-10001524,GBC Premium Transparent Covers with Diagonal Lined Pattern,Binders
Technology,TEC-PH-10004614,AT&T 841000 Phone,Phones
Office Supplies,OFF-BI-10001153,Ibico Recycled Grain-Textured Covers,Binders
Office Supplies,OFF-BI-10001982,Wilson Jones Custom Binder Spines & Labels,Binders
Office Supplies,OFF-BI-10001922,Storex Dura Pro Binders,Binders
Technology,TEC-CO-10001449,Hewlett Packard LaserJet 3310 Copier,Copiers
Office Supplies,OFF-BI-10004140,Avery Non-Stick Binders,Binders
Office Supplies,OFF-BI-10003314,Tuff Stuff Recycled Round Ring Binders,Binders
Furniture,FUR-TA-10004575,Hon 5100 Series Wood Tables,Tables
Office Supplies,OFF-FA-10000490,"OIC Binder Clips, Mini, 1/4"" Capacity, Black",Fasteners
Office Supplies,OFF-AR-10000122,Newell 314,Art
Office Supplies,OFF-BI-10003656,Fellowes PB200 Plastic Comb Binding Machine,Binders
Office Supplies,OFF-FA-10002780,Staples,Fasteners
Technology,TEC-PH-10000702,"Square Credit Card Reader, 4 1/2"" x 4 1/2"" x 1"", White",Phones
Office Supplies,OFF-ST-10000107,Fellowes Super Stor/Drawer,Storage
Technology,TEC-PH-10002293,Anker 36W 4-Port USB Wall Charger Travel Power Adapter for iPhone 5s 5c 5,Phones
Office Supplies,OFF-AR-10004027,"Binney & Smith inkTank Erasable Desk Highlighter, Chisel Tip, Yellow, 12/Box",Art
Office Supplies,OFF-PA-10000249,Easy-staple paper,Paper
Office Supplies,OFF-AR-10001374,"BIC Brite Liner Highlighters, Chisel Tip",Art
Technology,TEC-AC-10000290,Sabrent 4-Port USB 2.0 Hub,Accessories
Office Supplies,OFF-PA-10001970,Xerox 1881,Paper
Office Supplies,OFF-BI-10002160,Acco Hanging Data Binders,Binders
Office Supplies,OFF-PA-10001970,Xerox 1881,Paper
Office Supplies,OFF-BI-10004995,GBC DocuBind P400 Electric Binding System,Binders
Furniture,FUR-BO-10002268,Sauder Barrister Bookcases,Bookcases
Office Supplies,OFF-EN-10001137,"#10 Gummed Flap White Envelopes, 100/Box",Envelopes
Office Supplies,OFF-AR-10002399,"Dixon Prang Watercolor Pencils, 10-Color Set with Brush",Art
Office Supplies,OFF-PA-10002713,"Adams Phone Message Book, 200 Message Capacity, 8 1/16” x 11”",Paper
Office Supplies,OFF-PA-10002666,Southworth 25% Cotton Linen-Finish Paper & Envelopes,Paper
Office Supplies,OFF-AP-10001124,Belkin 8 Outlet SurgeMaster II Gold Surge Protector with Phone Protection,Appliances
Office Supplies,OFF-LA-10001158,"Avery Address/Shipping Labels for Typewriters, 4"" x 2""",Labels
Office Supplies,OFF-LA-10001158,"Avery Address/Shipping Labels for Typewriters, 4"" x 2""",Labels
Furniture,FUR-CH-10000785,Global Ergonomic Managers Chair,Chairs
Office Supplies,OFF-AR-10003732,Newell 333,Art
Furniture,FUR-FU-10000023,Eldon Wave Desk Accessories,Furnishings
Office Supplies,OFF-ST-10001713,"Gould Plastics 9-Pocket Panel Bin, 18-3/8w x 5-1/4d x 20-1/2h, Black",Storage
Office Supplies,OFF-BI-10002412,Wilson Jones “Snap” Scratch Pad Binder Tool for Ring Binders,Binders
Office Supplies,OFF-SU-10001225,Staple remover,Supplies
Office Supplies,OFF-ST-10002406,Pizazz Global Quick File,Storage
Furniture,FUR-BO-10002545,"Atlantic Metals Mobile 3-Shelf Bookcases, Custom Colors",Bookcases
Office Supplies,OFF-PA-10002036,Xerox 1930,Paper
Office Supplies,OFF-ST-10002205,File Shuttle I and Handi-File,Storage
Office Supplies,OFF-BI-10001982,Wilson Jones Custom Binder Spines & Labels,Binders
Technology,TEC-AC-10003911,NETGEAR AC1750 Dual Band Gigabit Smart WiFi Router,Accessories
Office Supplies,OFF-AR-10000658,Newell 324,Art
Technology,TEC-AC-10002076,Microsoft Natural Keyboard Elite,Accessories
Office Supplies,OFF-PA-10003039,Xerox 1960,Paper
Furniture,FUR-TA-10004915,"Office Impressions End Table, 20-1/2""H x 24""W x 20""D",Tables
Office Supplies,OFF-AP-10000696,Holmes Odor Grabber,Appliances
Office Supplies,OFF-ST-10003327,Akro-Mils 12-Gallon Tote,Storage
Office Supplies,OFF-BI-10000309,"GBC Twin Loop Wire Binding Elements, 9/16"" Spine, Black",Binders
Office Supplies,OFF-PA-10004734,Southworth Structures Collection,Paper
Office Supplies,OFF-BI-10002225,"Square Ring Data Binders, Rigid 75 Pt. Covers, 11"" x 14-7/8""",Binders
Technology,TEC-AC-10004708,Sony 32GB Class 10 Micro SDHC R40 Memory Card,Accessories
Furniture,FUR-TA-10000617,"Hon Practical Foundations 30 x 60 Training Table, Light Gray/Charcoal",Tables
Technology,TEC-AC-10002335,Logitech Media Keyboard K200,Accessories
Technology,TEC-MA-10001681,Lexmark MarkNet N8150 Wireless Print Server,Machines
Furniture,FUR-FU-10001935,3M Hangers With Command Adhesive,Furnishings
Office Supplies,OFF-AR-10004757,Crayola Colored Pencils,Art
Office Supplies,OFF-BI-10000050,"Angle-D Binders with Locking Rings, Label Holders",Binders
Technology,TEC-AC-10001998,Logitech LS21 Speaker System - PC Multimedia - 2.1-CH - Wired,Accessories
Technology,TEC-PH-10003012,Nortel Meridian M3904 Professional Digital phone,Phones
Technology,TEC-CO-10002313,Canon PC1080F Personal Copier,Copiers
Office Supplies,OFF-BI-10003982,Wilson Jones Century Plastic Molded Ring Binders,Binders
Office Supplies,OFF-BI-10004492,Tuf-Vin Binders,Binders
Office Supplies,OFF-ST-10000798,2300 Heavy-Duty Transfer File Systems by Perma,Storage
Office Supplies,OFF-PA-10002552,Xerox 1958,Paper
Office Supplies,OFF-SU-10002573,"Acme 10"" Easy Grip Assistive Scissors",Supplies
Office Supplies,OFF-ST-10001580,Super Decoflex Portable Personal File,Storage
Furniture,FUR-BO-10004834,"Riverside Palais Royal Lawyers Bookcase, Royale Cherry Finish",Bookcases
Office Supplies,OFF-ST-10000934,"Contico 72""H Heavy-Duty Storage System",Storage
Technology,TEC-AC-10000158,Sony 64GB Class 10 Micro SDHC R40 Memory Card,Accessories
Office Supplies,OFF-PA-10001947,Xerox 1974,Paper
Office Supplies,OFF-AR-10003478,"Avery Hi-Liter EverBold Pen Style Fluorescent Highlighters, 4/Pack",Art
Office Supplies,OFF-AP-10004249,Staple holder,Appliances
Technology,TEC-AC-10000158,Sony 64GB Class 10 Micro SDHC R40 Memory Card,Accessories
Technology,TEC-CO-10004115,Sharp AL-1530CS Digital Copier,Copiers
Office Supplies,OFF-PA-10003724,"Wirebound Message Book, 4 per Page",Paper
Furniture,FUR-TA-10002041,"Bevis Round Conference Table Top, X-Base",Tables
Office Supplies,OFF-PA-10002893,"Wirebound Service Call Books, 5 1/2"" x 4""",Paper
Office Supplies,OFF-LA-10003766,Self-Adhesive Removable Labels,Labels
Office Supplies,OFF-PA-10001970,Xerox 1908,Paper
Furniture,FUR-BO-10001972,O'Sullivan 4-Shelf Bookcase in Odessa Pine,Bookcases
Furniture,FUR-CH-10003956,Novimex High-Tech Fabric Mesh Task Chair,Chairs
Office Supplies,OFF-PA-10000157,Xerox 191,Paper
Furniture,FUR-CH-10001891,Global Deluxe Office Fabric Chairs,Chairs
Office Supplies,OFF-AR-10004344,Bulldog Vacuum Base Pencil Sharpener,Art
Furniture,FUR-CH-10004886,Bevis Steel Folding Chairs,Chairs
Office Supplies,OFF-PA-10003845,Xerox 1987,Paper
Office Supplies,OFF-AR-10001573,American Pencil,Art
Office Supplies,OFF-EN-10000483,"White Envelopes, White Envelopes with Clear Poly Window",Envelopes
Technology,TEC-AC-10004114,KeyTronic 6101 Series - Keyboard - Black,Accessories
Furniture,FUR-FU-10004712,"Westinghouse Mesh Shade Clip-On Gooseneck Lamp, Black",Furnishings
Office Supplies,OFF-ST-10000918,Crate-A-Files,Storage
Furniture,FUR-CH-10000015,Hon Multipurpose Stacking Arm Chairs,Chairs
Furniture,FUR-FU-10003347,Coloredge Poster Frame,Furnishings
Office Supplies,OFF-BI-10001543,GBC VeloBinder Manual Binding System,Binders
Technology,TEC-MA-10000029,"Epson WorkForce WF-2530 All-in-One Printer, Copier Scanner",Machines
Office Supplies,OFF-AR-10000369,Design Ebony Sketching Pencil,Art
Office Supplies,OFF-BI-10004584,GBC ProClick 150 Presentation Binding System,Binders
Technology,TEC-AC-10004659,Imation Secure+ Hardware Encrypted USB 2.0 Flash Drive; 16GB,Accessories
Technology,TEC-AC-10004659,Imation Secure+ Hardware Encrypted USB 2.0 Flash Drive; 16GB,Accessories
Office Supplies,OFF-ST-10000617,Woodgrain Magazine Files by Perma,Storage
Office Supplies,OFF-ST-10003306,Letter Size Cart,Storage
Office Supplies,OFF-BI-10000773,Insertable Tab Post Binder Dividers,Binders
Technology,TEC-AC-10002600,Belkin QODE FastFit Bluetooth Keyboard,Accessories
Technology,TEC-MA-10002937,"Canon Color ImageCLASS MF8580Cdw Wireless Laser All-In-One Printer, Copier, Scanner",Machines
Office Supplies,OFF-PA-10001970,Xerox 1908,Paper
Office Supplies,OFF-PA-10002230,Xerox 1897,Paper
Furniture,FUR-CH-10003396,Global Deluxe Steno Chair,Chairs
Furniture,FUR-FU-10000246,Aluminum Document Frame,Furnishings
Office Supplies,OFF-ST-10000060,Fellowes Bankers Box Staxonsteel Drawer File/Stacking System,Storage
Office Supplies,OFF-ST-10003058,Eldon Mobile Mega Data Cart  Mega Stackable  Add-On Trays,Storage
Office Supplies,OFF-PA-10002222,"Xerox Color Copier Paper, 11"" x 17"", Ream",Paper
Furniture,FUR-CH-10002372,Office Star - Ergonomically Designed Knee Chair,Chairs
Office Supplies,OFF-LA-10001317,Avery 520,Labels
Furniture,FUR-FU-10000206,"GE General Purpose, Extra Long Life, Showcase & Floodlight Incandescent Bulbs",Furnishings
Office Supplies,OFF-AR-10000588,Newell 345,Art
Office Supplies,OFF-ST-10001469,Fellowes Bankers Box Recycled Super Stor/Drawer,Storage
Office Supplies,OFF-AR-10001953,Boston 1645 Deluxe Heavier-Duty Electric Pencil Sharpener,Art
Office Supplies,OFF-AR-10003156,50 Colored Long Pencils,Art
Office Supplies,OFF-AR-10004974,Newell 342,Art
Technology,TEC-PH-10002365,Belkin Grip Candy Sheer Case / Cover for iPhone 5 and 5S,Phones
Furniture,FUR-TA-10001539,Chromcraft Rectangular Conference Tables,Tables
Office Supplies,OFF-ST-10000142,Deluxe Rollaway Locking File with Drawer,Storage
Technology,TEC-AC-10001772,Memorex Mini Travel Drive 16 GB USB 2.0 Flash Drive,Accessories
Furniture,FUR-CH-10000225,"Global Geo Office Task Chair, Gray",Chairs
Furniture,FUR-CH-10002331,Hon 4700 Series Mobuis Mid-Back Task Chairs with Adjustable Arms,Chairs
Office Supplies,OFF-EN-10001415,Staple envelope,Envelopes
Office Supplies,OFF-AP-10002472,3M Office Air Cleaner,Appliances
Technology,TEC-AC-10004571,Logitech G700s Rechargeable Gaming Mouse,Accessories
Office Supplies,OFF-BI-10001098,Acco D-Ring Binder w/DublLock,Binders
Furniture,FUR-FU-10000023,Eldon Wave Desk Accessories,Furnishings
Furniture,FUR-TA-10001889,Bush Advantage Collection Racetrack Conference Table,Tables
Office Supplies,OFF-BI-10000315,Poly Designer Cover & Back,Binders
Office Supplies,OFF-SU-10003505,Premier Electric Letter Opener,Supplies
Office Supplies,OFF-AP-10002578,"Fellowes Premier Superior Surge Suppressor, 10-Outlet, With Phone and Remote",Appliances
Furniture,FUR-FU-10002918,Eldon ClusterMat Chair Mat with Cordless Antistatic Protection,Furnishings
Furniture,FUR-BO-10002824,Bush Mission Pointe Library,Bookcases
Office Supplies,OFF-BI-10002194,Cardinal Hold-It CD Pocket,Binders
Office Supplies,OFF-PA-10004071,"Eaton Premium Continuous-Feed Paper, 25% Cotton, Letter Size, White, 1000 Shts/Box",Paper
Office Supplies,OFF-ST-10002743,SAFCO Boltless Steel Shelving,Storage
Furniture,FUR-BO-10001601,"Sauder Mission Library with Doors, Fruitwood Finish",Bookcases
Technology,TEC-PH-10002680,Samsung Galaxy Note 3,Phones
Office Supplies,OFF-ST-10001321,"Decoflex Hanging Personal Folder File, Blue",Storage
Office Supplies,OFF-PA-10001509,"Recycled Desk Saver Line ""While You Were Out"" Book, 5 1/2"" X 4""",Paper
Office Supplies,OFF-PA-10003465,Xerox 1912,Paper
Technology,TEC-PH-10000149,Cisco SPA525G2 IP Phone - Wireless,Phones
Furniture,FUR-FU-10002671,Electrix 20W Halogen Replacement Bulb for Zoom-In Desk Lamp,Furnishings
Office Supplies,OFF-AR-10003045,Prang Colored Pencils,Art
Office Supplies,OFF-ST-10000689,"Fellowes Strictly Business Drawer File, Letter/Legal Size",Storage
Technology,TEC-AC-10001445,Imation USB 2.0 Swivel Flash Drive USB flash drive - 4 GB - Pink,Accessories
Office Supplies,OFF-AR-10002053,"Premium Writing Pencils, Soft, #2 by Central Association for the Blind",Art
Technology,TEC-AC-10002567,Logitech G602 Wireless Gaming Mouse,Accessories
Office Supplies,OFF-LA-10003923,Alphabetical Labels for Top Tab Filing,Labels
Furniture,FUR-BO-10001337,O'Sullivan Living Dimensions 2-Shelf Bookcases,Bookcases
Technology,TEC-PH-10001924,iHome FM Clock Radio with Lightning Dock,Phones
Technology,TEC-PH-10001363,Apple iPhone 5S,Phones
Technology,TEC-PH-10000376,Square Credit Card Reader,Phones
Technology,TEC-AC-10000303,Logitech M510 Wireless Mouse,Accessories
Office Supplies,OFF-AR-10001953,Boston 1645 Deluxe Heavier-Duty Electric Pencil Sharpener,Art
Office Supplies,OFF-ST-10001809,Fellowes Officeware Wire Shelving,Storage
Office Supplies,OFF-EN-10003845,Colored Envelopes,Envelopes
Technology,TEC-AC-10000991,Sony Micro Vault Click 8 GB USB 2.0 Flash Drive,Accessories
Furniture,FUR-TA-10001857,Balt Solid Wood Rectangular Table,Tables
Office Supplies,OFF-EN-10001434,"Strathmore #10 Envelopes, Ultimate White",Envelopes
Office Supplies,OFF-BI-10002498,Clear Mylar Reinforcing Strips,Binders
Furniture,FUR-FU-10004864,"Howard Miller 14-1/2"" Diameter Chrome Round Wall Clock",Furnishings
Furniture,FUR-CH-10002602,DMI Arturo Collection Mission-style Design Wood Chair,Chairs
Furniture,FUR-FU-10000073,Deflect-O Glasstique Clear Desk Accessories,Furnishings
Office Supplies,OFF-BI-10001670,Vinyl Sectional Post Binders,Binders
Office Supplies,OFF-BI-10001658,GBC Standard Therm-A-Bind Covers,Binders
Furniture,FUR-CH-10001215,Global Troy Executive Leather Low-Back Tilter,Chairs
Office Supplies,OFF-BI-10000831,Storex Flexible Poly Binders with Double Pockets,Binders
Office Supplies,OFF-PA-10000357,"White Dual Perf Computer Printout Paper, 2700 Sheets, 1 Part, Heavyweight, 20 lbs., 14 7/8 x 11",Paper
Office Supplies,OFF-BI-10003274,"Avery Durable Slant Ring Binders, No Labels",Binders
Office Supplies,OFF-AR-10001662,Rogers Handheld Barrel Pencil Sharpener,Art
Office Supplies,OFF-AR-10003856,Newell 344,Art
Office Supplies,OFF-ST-10001228,Personal File Boxes with Fold-Down Carry Handle,Storage
Office Supplies,OFF-BI-10003527,Fellowes PB500 Electric Punch Plastic Comb Binding Machine with Manual Bind,Binders
Furniture,FUR-FU-10001290,Executive Impressions Supervisor Wall Clock,Furnishings
Technology,TEC-AC-10002399,SanDisk Cruzer 32 GB USB Flash Drive,Accessories
Office Supplies,OFF-AR-10002053,"Premium Writing Pencils, Soft, #2 by Central Association for the Blind",Art
Office Supplies,OFF-AR-10003811,Newell 327,Art
Office Supplies,OFF-AR-10001246,Newell 317,Art
Technology,TEC-CO-10003236,Canon Image Class D660 Copier,Copiers
Office Supplies,OFF-ST-10004507,Advantus Rolling Storage Box,Storage
Office Supplies,OFF-PA-10001667,Great White Multi-Use Recycled Paper (20Lb. and 84 Bright),Paper
Office Supplies,OFF-ST-10004459,Tennsco Single-Tier Lockers,Storage
Technology,TEC-AC-10000171,"Verbatim 25 GB 6x Blu-ray Single Layer Recordable Disc, 25/Pack",Accessories
Office Supplies,OFF-ST-10000736,Carina Double Wide Media Storage Towers in Natural & Black,Storage
Office Supplies,OFF-BI-10000285,XtraLife ClearVue Slant-D Ring Binders by Cardinal,Binders
Furniture,FUR-TA-10001857,Balt Solid Wood Rectangular Table,Tables
Technology,TEC-PH-10003555,Motorola HK250 Universal Bluetooth Headset,Phones
Technology,TEC-AC-10003832,Imation 16GB Mini TravelDrive USB 2.0 Flash Drive,Accessories
Office Supplies,OFF-FA-10002815,Staples,Fasteners
Furniture,FUR-CH-10003379,Global Commerce Series High-Back Swivel/Tilt Chairs,Chairs
Furniture,FUR-FU-10001756,"Eldon Expressions Desk Accessory, Wood Photo Frame, Mahogany",Furnishings
Office Supplies,OFF-ST-10004963,Eldon Gobal File Keepers,Storage
Office Supplies,OFF-SU-10002881,Martin Yale Chadless Opener Electric Letter Opener,Supplies
Office Supplies,OFF-EN-10001335,"White Business Envelopes with Contemporary Seam, Recycled White Business Envelopes",Envelopes
Furniture,FUR-CH-10000595,Safco Contoured Stacking Chairs,Chairs
Furniture,FUR-FU-10000448,Tenex Chairmats For Use With Carpeted Floors,Furnishings
Technology,TEC-PH-10000984,Panasonic KX-TG9471B,Phones
Office Supplies,OFF-BI-10002557,Presstex Flexible Ring Binders,Binders
Office Supplies,OFF-ST-10001325,Sterilite Officeware Hinged File Box,Storage
Office Supplies,OFF-BI-10002429,"Premier Elliptical Ring Binder, Black",Binders
Office Supplies,OFF-BI-10004528,Cardinal Poly Pocket Divider Pockets for Ring Binders,Binders
Office Supplies,OFF-AP-10001271,Eureka The Boss Cordless Rechargeable Stick Vac,Appliances
Furniture,FUR-CH-10002647,"Situations Contoured Folding Chairs, 4/Set",Chairs
Technology,TEC-AC-10001432,Enermax Aurora Lite Keyboard,Accessories
Technology,TEC-PH-10002262,LG Electronics Tone+ HBS-730 Bluetooth Headset,Phones
Office Supplies,OFF-ST-10001809,Fellowes Officeware Wire Shelving,Storage
Technology,TEC-AC-10001465,SanDisk Cruzer 64 GB USB Flash Drive,Accessories
Technology,TEC-PH-10002597,Xblue XB-1670-86 X16 Small Office Telephone - Titanium,Phones
Furniture,FUR-FU-10000723,"Deflect-o EconoMat Studded, No Bevel Mat for Low Pile Carpeting",Furnishings
Office Supplies,OFF-BI-10000404,Avery Printable Repositionable Plastic Tabs,Binders
Office Supplies,OFF-PA-10002986,Xerox 1898,Paper
Office Supplies,OFF-ST-10000604,Home/Office Personal File Carts,Storage
Office Supplies,OFF-BI-10004738,Flexible Leather- Look Classic Collection Ring Binder,Binders
Office Supplies,OFF-SU-10001935,Staple remover,Supplies
Furniture,FUR-CH-10002024,HON 5400 Series Task Chairs for Big and Tall,Chairs
Furniture,FUR-FU-10003039,"Howard Miller 11-1/2"" Diameter Grantwood Wall Clock",Furnishings
Office Supplies,OFF-FA-10004248,Advantus T-Pin Paper Clips,Fasteners
Office Supplies,OFF-ST-10001780,Tennsco 16-Compartment Lockers with Coat Rack,Storage
Office Supplies,OFF-AR-10003560,Zebra Zazzle Fluorescent Highlighters,Art
Office Supplies,OFF-LA-10001297,Avery 473,Labels
Furniture,FUR-TA-10004256,Bretford “Just In Time” Height-Adjustable Multi-Task Work Tables,Tables
Office Supplies,OFF-PA-10003441,Xerox 226,Paper
Furniture,FUR-FU-10003347,Coloredge Poster Frame,Furnishings
Office Supplies,OFF-BI-10000069,"GBC Prepunched Paper, 19-Hole, for Binding Systems, 24-lb",Binders
Office Supplies,OFF-AP-10003914,"Sanitaire Vibra Groomer IR Commercial Upright Vacuum, Replacement Belts",Appliances
Furniture,FUR-FU-10004020,Advantus Panel Wall Acrylic Frame,Furnishings
Office Supplies,OFF-FA-10003467,"Alliance Big Bands Rubber Bands, 12/Pack",Fasteners
Office Supplies,OFF-LA-10000634,Avery 509,Labels
Technology,TEC-PH-10002496,Cisco SPA301,Phones
Office Supplies,OFF-PA-10004530,Personal Creations Ink Jet Cards and Labels,Paper
Office Supplies,OFF-BI-10001107,"GBC White Gloss Covers, Plain Front",Binders
Office Supplies,OFF-PA-10004451,Xerox 222,Paper
Furniture,FUR-CH-10004997,Hon Every-Day Series Multi-Task Chairs,Chairs
Office Supplies,OFF-LA-10001297,Avery 473,Labels
Office Supplies,OFF-FA-10000585,OIC Bulk Pack Metal Binder Clips,Fasteners
Office Supplies,OFF-BI-10001922,Storex Dura Pro Binders,Binders
Technology,TEC-PH-10000347,Cush Cases Heavy Duty Rugged Cover Case for Samsung Galaxy S5 - Purple,Phones
Office Supplies,OFF-AR-10003394,Newell 332,Art
Office Supplies,OFF-PA-10004530,Personal Creations Ink Jet Cards and Labels,Paper
Office Supplies,OFF-PA-10001450,Rediform S.O.S. Phone Message Books,Paper
Office Supplies,OFF-SU-10001574,Acme Value Line Scissors,Supplies
Office Supplies,OFF-ST-10002974,"Trav-L-File Heavy-Duty Shuttle II, Black",Storage
Furniture,FUR-FU-10001475,"Contract Clock, 14"", Brown",Furnishings
Office Supplies,OFF-SU-10004498,Martin-Yale Premier Letter Opener,Supplies
Technology,TEC-PH-10004977,GE 30524EE4,Phones
Technology,TEC-PH-10000586,AT&T SB67148 SynJ,Phones
Office Supplies,OFF-AP-10000358,Fellowes Basic Home/Office Series Surge Protectors,Appliances
Office Supplies,OFF-BI-10002764,Recycled Pressboard Report Cover with Reinforced Top Hinge,Binders
Technology,TEC-PH-10001254,Jabra BIZ 2300 Duo QD Duo Corded Headset,Phones
Furniture,FUR-CH-10003956,Novimex High-Tech Fabric Mesh Task Chair,Chairs
Office Supplies,OFF-LA-10003930,"Dot Matrix Printer Tape Reel Labels, White, 5000/Box",Labels
Technology,TEC-PH-10003800,i.Sound Portable Power - 8000 mAh,Phones
Office Supplies,OFF-PA-10002005,Xerox 225,Paper
Office Supplies,OFF-BI-10002498,Clear Mylar Reinforcing Strips,Binders
Office Supplies,OFF-PA-10004101,Xerox 1894,Paper
Office Supplies,OFF-AR-10004078,Newell 312,Art
Technology,TEC-AC-10001266,Memorex Micro Travel Drive 8 GB,Accessories
Office Supplies,OFF-AP-10004708,Fellowes Superior 10 Outlet Split Surge Protector,Appliances
Technology,TEC-CO-10004115,Sharp AL-1530CS Digital Copier,Copiers
Technology,TEC-PH-10002398,AT&T 1070 Corded Phone,Phones
Furniture,FUR-FU-10001979,Dana Halogen Swing-Arm Architect Lamp,Furnishings
Office Supplies,OFF-SU-10004115,Acme Stainless Steel Office Snips,Supplies
Technology,TEC-PH-10001425,Mophie Juice Pack Helium for iPhone,Phones
Technology,TEC-PH-10003963,GE 2-Jack Phone Line Splitter,Phones
Office Supplies,OFF-SU-10001574,Acme Value Line Scissors,Supplies
Office Supplies,OFF-ST-10001490,"Hot File 7-Pocket, Floor Stand",Storage
Furniture,FUR-FU-10001756,"Eldon Expressions Desk Accessory, Wood Photo Frame, Mahogany",Furnishings
Office Supplies,OFF-BI-10000773,Insertable Tab Post Binder Dividers,Binders
Office Supplies,OFF-BI-10001543,GBC VeloBinder Manual Binding System,Binders
Office Supplies,OFF-PA-10002120,Xerox 1889,Paper
Office Supplies,OFF-BI-10000848,Angle-D Ring Binders,Binders
Office Supplies,OFF-AR-10001246,Newell 317,Art
Technology,TEC-PH-10003092,Motorola L804,Phones
Technology,TEC-PH-10003012,Nortel Meridian M3904 Professional Digital phone,Phones
Office Supplies,OFF-LA-10004345,Avery 493,Labels
Office Supplies,OFF-PA-10001204,Xerox 1972,Paper
Technology,TEC-PH-10004667,Cisco 8x8 Inc. 6753i IP Business Phone System,Phones
Technology,TEC-PH-10000011,PureGear Roll-On Screen Protector,Phones
Office Supplies,OFF-BI-10002949,Prestige Round Ring Binders,Binders
Furniture,FUR-FU-10003849,"DAX Metal Frame, Desktop, Stepped-Edge",Furnishings
Furniture,FUR-FU-10000010,"DAX Value U-Channel Document Frames, Easel Back",Furnishings
Office Supplies,OFF-BI-10002824,Recycled Easel Ring Binders,Binders
Technology,TEC-PH-10002538,Grandstream GXP1160 VoIP phone,Phones
Furniture,FUR-FU-10000521,"Seth Thomas 14"" Putty-Colored Wall Clock",Furnishings
Office Supplies,OFF-BI-10002103,"Cardinal Slant-D Ring Binder, Heavy Gauge Vinyl",Binders
Furniture,FUR-CH-10004853,"Global Manager's Adjustable Task Chair, Storm",Chairs
Office Supplies,OFF-AP-10000179,Honeywell Enviracaire Portable HEPA Air Cleaner for up to 10 x 16 Room,Appliances
Office Supplies,OFF-ST-10001272,"Mini 13-1/2 Capacity Data Binder Rack, Pearl",Storage
Office Supplies,OFF-AR-10004042,"BOSTON Model 1800 Electric Pencil Sharpeners, Putty/Woodgrain",Art
Furniture,FUR-FU-10000221,"Master Caster Door Stop, Brown",Furnishings
Office Supplies,OFF-AP-10001563,Belkin Premiere Surge Master II 8-outlet surge protector,Appliances
Office Supplies,OFF-BI-10000605,"Acco Pressboard Covers with Storage Hooks, 9 1/2"" x 11"", Executive Red",Binders
Office Supplies,OFF-PA-10002615,"Ampad Gold Fibre Wirebound Steno Books, 6"" x 9"", Gregg Ruled",Paper
Office Supplies,OFF-ST-10001963,Tennsco Regal Shelving Units,Storage
Technology,TEC-AC-10001267,Imation 32GB Pocket Pro USB 3.0 Flash Drive - 32 GB - Black - 1 P ...,Accessories
Technology,TEC-PH-10002103,Jabra SPEAK 410,Phones
Technology,TEC-AC-10002857,"Verbatim 25 GB 6x Blu-ray Single Layer Recordable Disc, 1/Pack",Accessories
Office Supplies,OFF-LA-10003930,"Dot Matrix Printer Tape Reel Labels, White, 5000/Box",Labels
Furniture,FUR-CH-10001482,Office Star - Mesh Screen back chair with Vinyl seat,Chairs
Office Supplies,OFF-BI-10001989,Premium Transparent Presentation Covers by GBC,Binders
Office Supplies,OFF-AP-10003287,Tripp Lite TLP810NET Broadband Surge for Modem/Fax,Appliances
Furniture,FUR-FU-10000576,Luxo Professional Fluorescent Magnifier Lamp with Clamp-Mount Base,Furnishings
Office Supplies,OFF-BI-10004728,Wilson Jones Turn Tabs Binder Tool for Ring Binders,Binders
Furniture,FUR-FU-10000732,Eldon 200 Class Desk Accessories,Furnishings
Office Supplies,OFF-ST-10000585,Economy Rollaway Files,Storage
Office Supplies,OFF-LA-10002787,Avery 480,Labels
Technology,TEC-AC-10003832,Imation 16GB Mini TravelDrive USB 2.0 Flash Drive,Accessories
Office Supplies,OFF-PA-10001934,Xerox 1993,Paper
Office Supplies,OFF-AP-10002457,"Eureka The Boss Plus 12-Amp Hard Box Upright Vacuum, Red",Appliances
Office Supplies,OFF-FA-10003112,Staples,Fasteners
Office Supplies,OFF-AP-10002350,Belkin F9H710-06 7 Outlet SurgeMaster Surge Protector,Appliances
Furniture,FUR-FU-10001935,3M Hangers With Command Adhesive,Furnishings
Technology,TEC-PH-10003273,AT&T TR1909W,Phones
Technology,TEC-AC-10001142,First Data FD10 PIN Pad,Accessories
Office Supplies,OFF-PA-10000482,"Snap-A-Way Black Print Carbonless Ruled Speed Letter, Triplicate",Paper
Office Supplies,OFF-PA-10003892,Xerox 1943,Paper
Technology,TEC-AC-10001101,Sony 16GB Class 10 Micro SDHC R40 Memory Card,Accessories
Office Supplies,OFF-AP-10002439,Tripp Lite Isotel 8 Ultra 8 Outlet Metal Surge,Appliances
Office Supplies,OFF-BI-10002827,Avery Durable Poly Binders,Binders
Office Supplies,OFF-EN-10002230,Airmail Envelopes,Envelopes
Furniture,FUR-CH-10001215,Global Troy Executive Leather Low-Back Tilter,Chairs
Office Supplies,OFF-BI-10004654,Avery Binding System Hidden Tab Executive Style Index Sets,Binders
Office Supplies,OFF-ST-10001490,"Hot File 7-Pocket, Floor Stand",Storage
Office Supplies,OFF-ST-10001511,Space Solutions Commercial Steel Shelving,Storage
Furniture,FUR-TA-10001768,Hon Racetrack Conference Tables,Tables
Office Supplies,OFF-BI-10003981,"Avery Durable Plastic 1"" Binders",Binders
Office Supplies,OFF-ST-10001522,"Gould Plastics 18-Pocket Panel Bin, 34w x 5-1/4d x 20-1/2h",Storage
Office Supplies,OFF-FA-10000621,"OIC Colored Binder Clips, Assorted Sizes",Fasteners
Office Supplies,OFF-SU-10004231,Acme Tagit Stainless Steel Antibacterial Scissors,Supplies
Office Supplies,OFF-PA-10000474,Easy-staple paper,Paper
Technology,TEC-PH-10004042,ClearOne Communications CHAT 70 OC Speaker Phone,Phones
Furniture,FUR-FU-10003096,"Master Giant Foot Doorstop, Safety Yellow",Furnishings
Furniture,FUR-FU-10002759,12-1/2 Diameter Round Wall Clock,Furnishings
Furniture,FUR-TA-10000688,"Chromcraft Bull-Nose Wood Round Conference Table Top, Wood Base",Tables
Office Supplies,OFF-PA-10002377,"Adams Telephone Message Book W/Dividers/Space For Phone Numbers, 5 1/4""X8 1/2"", 200/Messages",Paper
Office Supplies,OFF-AR-10001954,Newell 331,Art
Office Supplies,OFF-AP-10004532,Kensington 6 Outlet Guardian Standard Surge Protector,Appliances
Office Supplies,OFF-PA-10002137,"Southworth 100% Résumé Paper, 24lb.",Paper
Technology,TEC-AC-10003832,Imation 16GB Mini TravelDrive USB 2.0 Flash Drive,Accessories
Office Supplies,OFF-AP-10000804,Hoover Portapower Portable Vacuum,Appliances
Technology,TEC-AC-10003614,"Verbatim 25 GB 6x Blu-ray Single Layer Recordable Disc, 10/Pack",Accessories
Furniture,FUR-FU-10003553,"Howard Miller 13-1/2"" Diameter Rosebrook Wall Clock",Furnishings
Office Supplies,OFF-BI-10004632,Ibico Hi-Tech Manual Binding System,Binders
Office Supplies,OFF-BI-10003305,Avery Hanging File Binders,Binders
Office Supplies,OFF-ST-10002583,Fellowes Neat Ideas Storage Cubes,Storage
Office Supplies,OFF-ST-10004507,Advantus Rolling Storage Box,Storage
Technology,TEC-MA-10004125,Cubify CubeX 3D Printer Triple Head Print,Machines
Office Supplies,OFF-AP-10002457,"Eureka The Boss Plus 12-Amp Hard Box Upright Vacuum, Red",Appliances
Technology,TEC-AC-10003911,NETGEAR AC1750 Dual Band Gigabit Smart WiFi Router,Accessories
Office Supplies,OFF-LA-10001934,Avery 516,Labels
Office Supplies,OFF-PA-10000304,Xerox 1995,Paper
Furniture,FUR-BO-10004015,"Bush Andora Bookcase, Maple/Graphite Gray Finish",Bookcases
Furniture,FUR-FU-10004071,Luxo Professional Magnifying Clamp-On Fluorescent Lamps,Furnishings
Technology,TEC-PH-10002033,Konftel 250 Conference phone - Charcoal black,Phones
Office Supplies,OFF-ST-10002444,Recycled Eldon Regeneration Jumbo File,Storage
Technology,TEC-AC-10002253,Imation Bio 8GB USB Flash Drive Imation Corp,Accessories
Office Supplies,OFF-PA-10000743,Xerox 1977,Paper
Office Supplies,OFF-AR-10003373,"Boston School Pro Electric Pencil Sharpener, 1670",Art
Office Supplies,OFF-LA-10002312,Avery 490,Labels
Office Supplies,OFF-EN-10000927,Jet-Pak Recycled Peel 'N' Seal Padded Mailers,Envelopes
Office Supplies,OFF-LA-10003510,"Avery 4027 File Folder Labels for Dot Matrix Printers, 5000 Labels per Box, White",Labels
Office Supplies,OFF-AR-10001118,"Binney & Smith Crayola Metallic Crayons, 16-Color Pack",Art
Office Supplies,OFF-BI-10001575,GBC Linen Binding Covers,Binders
Office Supplies,OFF-BI-10001982,Wilson Jones Custom Binder Spines & Labels,Binders
Furniture,FUR-FU-10002960,"Eldon 200 Class Desk Accessories, Burgundy",Furnishings
Furniture,FUR-FU-10003394,"Tenex ""The Solids"" Textured Chair Mats",Furnishings
Furniture,FUR-TA-10002774,Laminate Occasional Tables,Tables
Office Supplies,OFF-PA-10001800,Xerox 220,Paper
Office Supplies,OFF-AP-10001469,Fellowes 8 Outlet Superior Workstation Surge Protector,Appliances
Technology,TEC-AC-10002399,SanDisk Cruzer 32 GB USB Flash Drive,Accessories
Technology,TEC-AC-10003628,Logitech 910-002974 M325 Wireless Mouse for Web Scrolling,Accessories
Furniture,FUR-BO-10003272,O'Sullivan Living Dimensions 5-Shelf Bookcases,Bookcases
Office Supplies,OFF-BI-10000050,"Angle-D Binders with Locking Rings, Label Holders",Binders
Office Supplies,OFF-PA-10004071,"Eaton Premium Continuous-Feed Paper, 25% Cotton, Letter Size, White, 1000 Shts/Box",Paper
Office Supplies,OFF-EN-10001219,"#10- 4 1/8"" x 9 1/2"" Security-Tint Envelopes",Envelopes
Office Supplies,OFF-AP-10001154,Bionaire Personal Warm Mist Humidifier/Vaporizer,Appliances
Technology,TEC-PH-10003012,Nortel Meridian M3904 Professional Digital phone,Phones
Technology,TEC-AC-10001606,Logitech Wireless Performance Mouse MX for PC and Mac,Accessories
Office Supplies,OFF-BI-10003355,Cardinal Holdit Business Card Pockets,Binders
Furniture,FUR-FU-10000010,"DAX Value U-Channel Document Frames, Easel Back",Furnishings
Furniture,FUR-FU-10002253,"Howard Miller 13"" Diameter Pewter Finish Round Wall Clock",Furnishings
Office Supplies,OFF-BI-10001658,GBC Standard Therm-A-Bind Covers,Binders
Furniture,FUR-FU-10000246,Aluminum Document Frame,Furnishings
Office Supplies,OFF-PA-10004092,Tops Green Bar Computer Printout Paper,Paper
Furniture,FUR-TA-10000198,Chromcraft Bull-Nose Wood Oval Conference Tables & Bases,Tables
Office Supplies,OFF-ST-10000036,"Recycled Data-Pak for Archival Bound Computer Printouts, 12-1/2 x 12-1/2 x 16",Storage
Furniture,FUR-FU-10000222,"Seth Thomas 16"" Steel Case Clock",Furnishings
Office Supplies,OFF-SU-10004664,Acme Softgrip Scissors,Supplies
Office Supplies,OFF-EN-10001141,"Manila Recycled Extra-Heavyweight Clasp Envelopes, 6"" x 9""",Envelopes
Technology,TEC-PH-10002170,ClearSounds CSC500 Amplified Spirit Phone Corded phone,Phones
Office Supplies,OFF-PA-10001954,Xerox 1964,Paper
Furniture,FUR-TA-10002228,"Bevis Traditional Conference Table Top, Plinth Base",Tables
Office Supplies,OFF-ST-10004634,"Personal Folder Holder, Ebony",Storage
Furniture,FUR-CH-10002965,"Global Leather Highback Executive Chair with Pneumatic Height Adjustment, Black",Chairs
Office Supplies,OFF-LA-10001317,Avery 520,Labels
Office Supplies,OFF-ST-10000736,Carina Double Wide Media Storage Towers in Natural & Black,Storage
Technology,TEC-AC-10003610,Logitech Illuminated - Keyboard,Accessories
Office Supplies,OFF-BI-10003982,Wilson Jones Century Plastic Molded Ring Binders,Binders
Office Supplies,OFF-BI-10003291,Wilson Jones Leather-Like Binders with DublLock Round Rings,Binders
Furniture,FUR-BO-10001619,O'Sullivan Cherrywood Estates Traditional Bookcase,Bookcases
Office Supplies,OFF-BI-10000138,Acco Translucent Poly Ring Binders,Binders
Technology,TEC-AC-10001383,Logitech Wireless Touch Keyboard K400,Accessories
Office Supplies,OFF-LA-10003223,Avery 508,Labels
Office Supplies,OFF-ST-10002743,SAFCO Boltless Steel Shelving,Storage
Office Supplies,OFF-BI-10004094,GBC Standard Plastic Binding Systems Combs,Binders
Office Supplies,OFF-SU-10004498,Martin-Yale Premier Letter Opener,Supplies
Office Supplies,OFF-PA-10002615,"Ampad Gold Fibre Wirebound Steno Books, 6"" x 9"", Gregg Ruled",Paper
Office Supplies,OFF-PA-10004971,Xerox 196,Paper
Office Supplies,OFF-SU-10004261,"Fiskars 8"" Scissors, 2/Pack",Supplies
Furniture,FUR-TA-10002607,KI Conference Tables,Tables
Office Supplies,OFF-ST-10001809,Fellowes Officeware Wire Shelving,Storage
Technology,TEC-PH-10000004,Belkin iPhone and iPad Lightning Cable,Phones
Office Supplies,OFF-BI-10003638,GBC Durable Plastic Covers,Binders
Furniture,FUR-FU-10003577,Nu-Dell Leatherette Frames,Furnishings
Office Supplies,OFF-AR-10003478,"Avery Hi-Liter EverBold Pen Style Fluorescent Highlighters, 4/Pack",Art
Office Supplies,OFF-BI-10000546,Avery Durable Binders,Binders
Technology,TEC-CO-10002095,Hewlett Packard 610 Color Digital Copier / Printer,Copiers
Furniture,FUR-FU-10002759,12-1/2 Diameter Round Wall Clock,Furnishings
Furniture,FUR-TA-10001095,Chromcraft Round Conference Tables,Tables
Office Supplies,OFF-ST-10002444,Recycled Eldon Regeneration Jumbo File,Storage
Technology,TEC-AC-10001267,Imation 32GB Pocket Pro USB 3.0 Flash Drive - 32 GB - Black - 1 P ...,Accessories
Office Supplies,OFF-BI-10000848,Angle-D Ring Binders,Binders
Office Supplies,OFF-PA-10002377,"Adams Telephone Message Book W/Dividers/Space For Phone Numbers, 5 1/4""X8 1/2"", 200/Messages",Paper
Office Supplies,OFF-PA-10003441,Xerox 226,Paper
Office Supplies,OFF-LA-10004484,Avery 476,Labels
Technology,TEC-PH-10003931,JBL Micro Wireless Portable Bluetooth Speaker,Phones
Office Supplies,OFF-EN-10001990,Staple envelope,Envelopes
Office Supplies,OFF-EN-10001532,Brown Kraft Recycled Envelopes,Envelopes
Technology,TEC-AC-10003174,Plantronics S12 Corded Telephone Headset System,Accessories
Office Supplies,OFF-BI-10004187,3-ring staple pack,Binders
Office Supplies,OFF-ST-10000025,Fellowes Stor/Drawer Steel Plus Storage Drawers,Storage
Furniture,FUR-FU-10004306,Electrix Halogen Magnifier Lamp,Furnishings
Furniture,FUR-CH-10003746,Hon 4070 Series Pagoda Round Back Stacking Chairs,Chairs
Office Supplies,OFF-BI-10001036,Cardinal EasyOpen D-Ring Binders,Binders
Technology,TEC-PH-10004614,AT&T 841000 Phone,Phones
Office Supplies,OFF-BI-10000301,GBC Instant Report Kit,Binders
Office Supplies,OFF-BI-10003910,DXL Angle-View Binders with Locking Rings by Samsill,Binders
Office Supplies,OFF-AR-10004648,Boston 19500 Mighty Mite Electric Pencil Sharpener,Art
Furniture,FUR-FU-10002597,"C-Line Magnetic Cubicle Keepers, Clear Polypropylene",Furnishings
Office Supplies,OFF-AR-10003405,"Dixon My First Ticonderoga Pencil, #2",Art
Furniture,FUR-CH-10002335,Hon GuestStacker Chair,Chairs
Office Supplies,OFF-PA-10000157,Xerox 191,Paper
Office Supplies,OFF-PA-10001947,Xerox 1974,Paper
Office Supplies,OFF-PA-10003657,Xerox 1927,Paper
Office Supplies,OFF-BI-10001098,Acco D-Ring Binder w/DublLock,Binders
Technology,TEC-AC-10002167,Imation 8gb Micro Traveldrive Usb 2.0 Flash Drive,Accessories
Furniture,FUR-BO-10004409,"Safco Value Mate Series Steel Bookcases, Baked Enamel Finish on Steel, Gray",Bookcases
Technology,TEC-AC-10000057,Microsoft Natural Ergonomic Keyboard 4000,Accessories
Office Supplies,OFF-EN-10000056,Cameo Buff Policy Envelopes,Envelopes
Office Supplies,OFF-BI-10000014,Heavy-Duty E-Z-D Binders,Binders
Furniture,FUR-CH-10004675,"Lifetime Advantage Folding Chairs, 4/Carton",Chairs
Office Supplies,OFF-BI-10001543,GBC VeloBinder Manual Binding System,Binders
Office Supplies,OFF-ST-10001321,"Decoflex Hanging Personal Folder File, Blue",Storage
Office Supplies,OFF-BI-10001132,"Acco PRESSTEX Data Binder with Storage Hooks, Dark Blue, 9 1/2"" X 11""",Binders
Furniture,FUR-CH-10003199,Office Star - Contemporary Task Swivel Chair,Chairs
Technology,TEC-PH-10001530,Cisco Unified IP Phone 7945G VoIP phone,Phones
Office Supplies,OFF-LA-10001569,Avery 499,Labels
Office Supplies,OFF-PA-10003724,"Wirebound Message Book, 4 per Page",Paper
Office Supplies,OFF-BI-10000546,Avery Durable Binders,Binders
Office Supplies,OFF-PA-10000176,Xerox 1887,Paper
Office Supplies,OFF-PA-10002365,Xerox 1967,Paper
Office Supplies,OFF-LA-10002271,Smead Alpha-Z Color-Coded Second Alphabetical Labels and Starter Set,Labels
Furniture,FUR-CH-10002647,"Situations Contoured Folding Chairs, 4/Set",Chairs
Furniture,FUR-FU-10004090,"Executive Impressions 14"" Contract Wall Clock",Furnishings
Technology,TEC-PH-10001580,Logitech Mobile Speakerphone P710e - speaker phone,Phones
Office Supplies,OFF-AP-10000576,Belkin 7 Outlet SurgeMaster II,Appliances
Office Supplies,OFF-PA-10003953,Xerox 218,Paper
Furniture,FUR-FU-10000794,"Eldon Stackable Tray, Side-Load, Legal, Smoke",Furnishings
Office Supplies,OFF-AR-10001897,Model L Table or Wall-Mount Pencil Sharpener,Art
Technology,TEC-PH-10001795,ClearOne CHATAttach 160 - speaker phone,Phones
Furniture,FUR-FU-10003347,Coloredge Poster Frame,Furnishings
Technology,TEC-AC-10004901,Kensington SlimBlade Notebook Wireless Mouse with Nano Receiver ,Accessories
Office Supplies,OFF-AR-10003190,Newell 32,Art
Furniture,FUR-TA-10002903,"Bevis Round Bullnose 29"" High Table Top",Tables
Office Supplies,OFF-AP-10000240,Belkin F9G930V10-GRY 9 Outlet Surge,Appliances
Technology,TEC-AC-10001101,Sony 16GB Class 10 Micro SDHC R40 Memory Card,Accessories
Furniture,FUR-FU-10000794,"Eldon Stackable Tray, Side-Load, Legal, Smoke",Furnishings
Technology,TEC-AC-10001838,Razer Tiamat Over Ear 7.1 Surround Sound PC Gaming Headset,Accessories
Office Supplies,OFF-PA-10000061,Xerox 205,Paper
Office Supplies,OFF-PA-10003651,Xerox 1968,Paper
Office Supplies,OFF-PA-10000304,Xerox 1995,Paper
Office Supplies,OFF-BI-10003094,Self-Adhesive Ring Binder Labels,Binders
Furniture,FUR-CH-10001394,Global Leather Executive Chair,Chairs
Office Supplies,OFF-BI-10004230,GBC Recycled Grain Textured Covers,Binders
Office Supplies,OFF-PA-10003395,Xerox 1941,Paper
Technology,TEC-AC-10002402,Razer Kraken PRO Over Ear PC and Music Headset,Accessories
Office Supplies,OFF-LA-10003223,Avery 508,Labels
Technology,TEC-AC-10003441,Kingston Digital DataTraveler 32GB USB 2.0,Accessories
Technology,TEC-AC-10000109,Sony Micro Vault Click 16 GB USB 2.0 Flash Drive,Accessories
Office Supplies,OFF-FA-10002280,Advantus Plastic Paper Clips,Fasteners
Office Supplies,OFF-SU-10000381,Acme Forged Steel Scissors with Black Enamel Handles,Supplies
Office Supplies,OFF-EN-10004459,Security-Tint Envelopes,Envelopes
Furniture,FUR-CH-10000665,"Global Airflow Leather Mesh Back Chair, Black",Chairs
Office Supplies,OFF-AP-10003884,"Fellowes Smart Surge Ten-Outlet Protector, Platinum",Appliances
Technology,TEC-PH-10001557,Pyle PMP37LED,Phones
Technology,TEC-PH-10002085,Clarity 53712,Phones
Office Supplies,OFF-AR-10002956,Boston 16801 Nautilus Battery Pencil Sharpener,Art
Office Supplies,OFF-AP-10003266,"Holmes Replacement Filter for HEPA Air Cleaner, Large Room",Appliances
Technology,TEC-MA-10004002,Zebra GX420t Direct Thermal/Thermal Transfer Printer,Machines
Office Supplies,OFF-BI-10001071,GBC ProClick Punch Binding System,Binders
Office Supplies,OFF-PA-10001560,"Adams Telephone Message Books, 5 1/4” x 11”",Paper
Technology,TEC-PH-10002365,Belkin Grip Candy Sheer Case / Cover for iPhone 5 and 5S,Phones
Office Supplies,OFF-AR-10004648,Boston 19500 Mighty Mite Electric Pencil Sharpener,Art
Office Supplies,OFF-AR-10002578,Newell 335,Art
Furniture,FUR-BO-10001519,O'Sullivan 3-Shelf Heavy-Duty Bookcases,Bookcases
Office Supplies,OFF-BI-10001294,Fellowes Binding Cases,Binders
Office Supplies,OFF-BI-10001636,Ibico Plastic and Wire Spiral Binding Combs,Binders
Office Supplies,OFF-SU-10002503,Acme Preferred Stainless Steel Scissors,Supplies
Office Supplies,OFF-LA-10004093,Avery 486,Labels
Technology,TEC-PH-10001552,I Need's 3d Hello Kitty Hybrid Silicone Case Cover for HTC One X 4g with 3d Hello Kitty Stylus Pen Green/pink,Phones
Furniture,FUR-CH-10001891,Global Deluxe Office Fabric Chairs,Chairs
Furniture,FUR-FU-10003878,"Linden 10"" Round Wall Clock, Black",Furnishings
Technology,TEC-AC-10000710,Maxell DVD-RAM Discs,Accessories
Office Supplies,OFF-AR-10002335,DIXON Oriole Pencils,Art
Office Supplies,OFF-PA-10001870,Xerox 202,Paper
Office Supplies,OFF-AR-10003373,"Boston School Pro Electric Pencil Sharpener, 1670",Art
Furniture,FUR-FU-10004090,"Executive Impressions 14"" Contract Wall Clock",Furnishings
Office Supplies,OFF-ST-10000736,Carina Double Wide Media Storage Towers in Natural & Black,Storage
Office Supplies,OFF-PA-10001019,Xerox 1884,Paper
Office Supplies,OFF-SU-10002537,Acme Box Cutter Scissors,Supplies
Office Supplies,OFF-ST-10003221,Staple magnet,Storage
Office Supplies,OFF-PA-10004569,"Wirebound Message Books, Two 4 1/4"" x 5"" Forms per Page",Paper
Office Supplies,OFF-FA-10000624,OIC Binder Clips,Fasteners
Office Supplies,OFF-SU-10001225,Staple remover,Supplies
Office Supplies,OFF-AR-10003752,Deluxe Chalkboard Eraser Cleaner,Art
Technology,TEC-AC-10001714,Logitech MX Performance Wireless Mouse,Accessories
Office Supplies,OFF-AR-10003958,Newell 337,Art
Technology,TEC-PH-10002923,"Logitech B530 USB Headset - headset - Full size, Binaural",Phones
Office Supplies,OFF-LA-10004272,Avery 482,Labels
Furniture,FUR-FU-10000965,"Howard Miller 11-1/2"" Diameter Ridgewood Wall Clock",Furnishings
Office Supplies,OFF-LA-10004853,Avery 483,Labels
Office Supplies,OFF-BI-10003719,Large Capacity Hanging Post Binders,Binders
Office Supplies,OFF-BI-10000545,GBC Ibimaster 500 Manual ProClick Binding System,Binders
Technology,TEC-PH-10002496,Cisco SPA301,Phones
Office Supplies,OFF-PA-10003591,Southworth 100% Cotton The Best Paper,Paper
Office Supplies,OFF-PA-10004470,"Adams Write n' Stick Phone Message Book, 11"" X 5 1/4"", 200 Messages",Paper
Office Supplies,OFF-BI-10000315,Poly Designer Cover & Back,Binders
Office Supplies,OFF-PA-10001790,Xerox 1910,Paper
Furniture,FUR-FU-10004017,"Tenex Contemporary Contur Chairmats for Low and Medium Pile Carpet, Computer, 39"" x 49""",Furnishings
Technology,TEC-AC-10003628,Logitech 910-002974 M325 Wireless Mouse for Web Scrolling,Accessories
Technology,TEC-AC-10002049,Logitech G19 Programmable Gaming Keyboard,Accessories
Office Supplies,OFF-BI-10003712,"Acco Pressboard Covers with Storage Hooks, 14 7/8"" x 11"", Light Blue",Binders
Office Supplies,OFF-BI-10003984,Lock-Up Easel 'Spel-Binder',Binders
Furniture,FUR-CH-10004287,SAFCO Arco Folding Chair,Chairs
Office Supplies,OFF-ST-10001321,"Decoflex Hanging Personal Folder File, Blue",Storage
Office Supplies,OFF-AR-10001118,"Binney & Smith Crayola Metallic Crayons, 16-Color Pack",Art
Furniture,FUR-FU-10000732,Eldon 200 Class Desk Accessories,Furnishings
Furniture,FUR-FU-10001424,Dax Clear Box Frame,Furnishings
Office Supplies,OFF-BI-10002071,Fellowes Black Plastic Comb Bindings,Binders
Office Supplies,OFF-ST-10002486,Eldon Shelf Savers Cubes and Bins,Storage
Office Supplies,OFF-BI-10001078,"Acco PRESSTEX Data Binder with Storage Hooks, Dark Blue, 14 7/8"" X 11""",Binders
Office Supplies,OFF-PA-10003845,Xerox 1987,Paper
Technology,TEC-AC-10000927,Anker Ultrathin Bluetooth Wireless Keyboard Aluminum Cover with Stand ,Accessories
Office Supplies,OFF-BI-10001098,Acco D-Ring Binder w/DublLock,Binders
Office Supplies,OFF-PA-10001622,"Ampad Poly Cover Wirebound Steno Book, 6"" x 9"" Assorted Colors, Gregg Ruled",Paper
Office Supplies,OFF-AR-10003158,Fluorescent Highlighters by Dixon,Art
Technology,TEC-PH-10002660,Nortel Networks T7316 E Nt8 B27,Phones
Office Supplies,OFF-ST-10002205,File Shuttle I and Handi-File,Storage
Office Supplies,OFF-BI-10003364,Binding Machine Supplies,Binders
Office Supplies,OFF-EN-10001099,Staple envelope,Envelopes
Office Supplies,OFF-LA-10003923,Alphabetical Labels for Top Tab Filing,Labels
Office Supplies,OFF-PA-10002250,Things To Do Today Pad,Paper
Office Supplies,OFF-BI-10004716,Wilson Jones Hanging Recycled Pressboard Data Binders,Binders
Office Supplies,OFF-LA-10001045,Permanent Self-Adhesive File Folder Labels for Typewriters by Universal,Labels
Office Supplies,OFF-BI-10001510,Deluxe Heavy-Duty Vinyl Round Ring Binder,Binders
Technology,TEC-PH-10004536,Avaya 5420 Digital phone,Phones
Office Supplies,OFF-PA-10002947,Xerox 1923,Paper
Office Supplies,OFF-ST-10002583,Fellowes Neat Ideas Storage Cubes,Storage
Office Supplies,OFF-PA-10000019,Xerox 1931,Paper
Furniture,FUR-BO-10003441,"Bush Westfield Collection Bookcases, Fully Assembled",Bookcases
Technology,TEC-PH-10004774,Gear Head AU3700S Headset,Phones
Office Supplies,OFF-BI-10003684,Wilson Jones Legal Size Ring Binders,Binders
Technology,TEC-PH-10001494,Polycom CX600 IP Phone VoIP phone,Phones
Technology,TEC-AC-10004666,Maxell iVDR EX 500GB Cartridge,Accessories
Office Supplies,OFF-ST-10003816,Fellowes High-Stak Drawer Files,Storage
Furniture,FUR-FU-10001935,3M Hangers With Command Adhesive,Furnishings
Furniture,FUR-FU-10004091,"Howard Miller 13"" Diameter Goldtone Round Wall Clock",Furnishings
Technology,TEC-AC-10001772,Memorex Mini Travel Drive 16 GB USB 2.0 Flash Drive,Accessories
Furniture,FUR-TA-10001520,"Lesro Sheffield Collection Coffee Table, End Table, Center Table, Corner Table",Tables
Furniture,FUR-CH-10003379,Global Commerce Series High-Back Swivel/Tilt Chairs,Chairs
Office Supplies,OFF-BI-10002706,Avery Premier Heavy-Duty Binder with Round Locking Rings,Binders
Office Supplies,OFF-EN-10000056,Cameo Buff Policy Envelopes,Envelopes
Office Supplies,OFF-ST-10001558,Acco Perma 4000 Stacking Storage Drawers,Storage
Office Supplies,OFF-ST-10002444,Recycled Eldon Regeneration Jumbo File,Storage
Technology,TEC-AC-10002473,Maxell 4.7GB DVD-R,Accessories
Technology,TEC-PH-10004531,OtterBox Commuter Series Case - iPhone 5 & 5s,Phones
Office Supplies,OFF-AP-10004487,Kensington 4 Outlet MasterPiece Compact Power Control Center,Appliances
Office Supplies,OFF-BI-10003650,GBC DocuBind 300 Electric Binding Machine,Binders
Office Supplies,OFF-PA-10003543,Xerox 1985,Paper
Technology,TEC-AC-10004353,Hypercom P1300 Pinpad,Accessories
Office Supplies,OFF-AR-10000658,Newell 324,Art
Office Supplies,OFF-AP-10000696,Holmes Odor Grabber,Appliances
Office Supplies,OFF-AR-10003560,Zebra Zazzle Fluorescent Highlighters,Art
Office Supplies,OFF-AR-10001468,"Sanford Prismacolor Professional Thick Lead Art Pencils, 36-Color Set",Art
Office Supplies,OFF-PA-10004971,Xerox 196,Paper
Office Supplies,OFF-PA-10002195,"RSVP Cards & Envelopes, Blank White, 8-1/2"" X 11"", 24 Cards/25 Envelopes/Set",Paper
Office Supplies,OFF-PA-10001745,"Wirebound Message Books, 2 7/8"" x 5"", 3 Forms per Page",Paper
Office Supplies,OFF-BI-10004826,JM Magazine Binder,Binders
Office Supplies,OFF-PA-10001870,Xerox 202,Paper
Office Supplies,OFF-AP-10001058,Sanyo 2.5 Cubic Foot Mid-Size Office Refrigerators,Appliances
Technology,TEC-AC-10003911,NETGEAR AC1750 Dual Band Gigabit Smart WiFi Router,Accessories
Office Supplies,OFF-PA-10000289,Xerox 213,Paper
Office Supplies,OFF-AP-10003040,Fellowes 8 Outlet Superior Workstation Surge Protector w/o Phone/Fax/Modem Protection,Appliances
Office Supplies,OFF-PA-10000350,"Message Book, Standard Line ""While You Were Out"", 5 1/2"" X 4"", 200 Sets/Book",Paper
Office Supplies,OFF-BI-10001759,"Acco Pressboard Covers with Storage Hooks, 14 7/8"" x 11"", Dark Blue",Binders
Furniture,FUR-TA-10000577,Bretford CR4500 Series Slim Rectangular Table,Tables
Office Supplies,OFF-PA-10004101,Xerox 1894,Paper
Office Supplies,OFF-ST-10001496,Standard Rollaway File with Lock,Storage
Office Supplies,OFF-BI-10002931,"Avery Trapezoid Extra Heavy Duty 4"" Binders",Binders
Furniture,FUR-TA-10002356,Bevis Boat-Shaped Conference Table,Tables
Furniture,FUR-FU-10003601,"Deflect-o RollaMat Studded, Beveled Mat for Medium Pile Carpeting",Furnishings
Furniture,FUR-FU-10000576,Luxo Professional Fluorescent Magnifier Lamp with Clamp-Mount Base,Furnishings
Furniture,FUR-TA-10004154,"Riverside Furniture Oval Coffee Table, Oval End Table, End Table with Drawer",Tables
Office Supplies,OFF-PA-10000788,Xerox 210,Paper
Office Supplies,OFF-PA-10002479,Xerox 4200 Series MultiUse Premium Copy Paper (20Lb. and 84 Bright),Paper
Furniture,FUR-FU-10001940,Staple-based wall hangings,Furnishings
Office Supplies,OFF-AR-10001958,Stanley Bostitch Contemporary Electric Pencil Sharpeners,Art
Furniture,FUR-BO-10004709,"Bush Westfield Collection Bookcases, Medium Cherry Finish",Bookcases
Office Supplies,OFF-ST-10000604,Home/Office Personal File Carts,Storage
Technology,TEC-PH-10002923,"Logitech B530 USB Headset - headset - Full size, Binaural",Phones
Office Supplies,OFF-BI-10004465,Avery Durable Slant Ring Binders,Binders
Office Supplies,OFF-PA-10002333,"Universal Ultra Bright White Copier/Laser Paper, 8 1/2"" x 11"", Ream",Paper
Furniture,FUR-FU-10004188,Luxo Professional Combination Clamp-On Lamps,Furnishings
Furniture,FUR-CH-10002965,"Global Leather Highback Executive Chair with Pneumatic Height Adjustment, Black",Chairs
Office Supplies,OFF-BI-10000145,Zipper Ring Binder Pockets,Binders
Office Supplies,OFF-EN-10001335,"White Business Envelopes with Contemporary Seam, Recycled White Business Envelopes",Envelopes
Office Supplies,OFF-LA-10001613,Avery File Folder Labels,Labels
Office Supplies,OFF-LA-10004055,Color-Coded Legal Exhibit Labels,Labels
Office Supplies,OFF-AR-10004344,Bulldog Vacuum Base Pencil Sharpener,Art
Office Supplies,OFF-PA-10004621,Xerox 212,Paper
Office Supplies,OFF-PA-10001281,Computer Printout Paper with Letter-Trim Fine Perforations,Paper
Office Supplies,OFF-LA-10001613,Avery File Folder Labels,Labels
Office Supplies,OFF-ST-10001097,Office Impressions Heavy Duty Welded Shelving & Multimedia Storage Drawers,Storage
Furniture,FUR-FU-10001095,DAX Black Cherry Wood-Tone Poster Frame,Furnishings
Technology,TEC-PH-10004614,AT&T 841000 Phone,Phones
Office Supplies,OFF-BI-10001575,GBC Linen Binding Covers,Binders
Office Supplies,OFF-LA-10001074,Round Specialty Laser Printer Labels,Labels
Technology,TEC-PH-10003555,Motorola HK250 Universal Bluetooth Headset,Phones
Office Supplies,OFF-BI-10004492,Tuf-Vin Binders,Binders
Office Supplies,OFF-BI-10002012,Wilson Jones Easy Flow II Sheet Lifters,Binders
Technology,TEC-MA-10000822,Lexmark MX611dhe Monochrome Laser Printer,Machines
Office Supplies,OFF-BI-10000848,Angle-D Ring Binders,Binders
Office Supplies,OFF-PA-10004156,Xerox 188,Paper
Furniture,FUR-CH-10003199,Office Star - Contemporary Task Swivel Chair,Chairs
Office Supplies,OFF-AR-10000034,"BIC Brite Liner Grip Highlighters, Assorted, 5/Pack",Art
Technology,TEC-PH-10000560,Samsung Galaxy S III - 16GB - pebble blue (T-Mobile),Phones
Furniture,FUR-CH-10000665,"Global Airflow Leather Mesh Back Chair, Black",Chairs
Office Supplies,OFF-LA-10001569,Avery 499,Labels
Office Supplies,OFF-EN-10000461,"#10- 4 1/8"" x 9 1/2"" Recycled Envelopes",Envelopes
Technology,TEC-MA-10003066,Wasp CCD Handheld Bar Code Reader,Machines
Office Supplies,OFF-BI-10004022,Acco Suede Grain Vinyl Round Ring Binder,Binders
Furniture,FUR-FU-10004071,Luxo Professional Magnifying Clamp-On Fluorescent Lamps,Furnishings
Office Supplies,OFF-AR-10001988,Bulldog Table or Wall-Mount Pencil Sharpener,Art
Furniture,FUR-CH-10004086,Hon 4070 Series Pagoda Armless Upholstered Stacking Chairs,Chairs
Office Supplies,OFF-BI-10001036,Cardinal EasyOpen D-Ring Binders,Binders
Office Supplies,OFF-FA-10002983,Advantus SlideClip Paper Clips,Fasteners
Office Supplies,OFF-PA-10003625,Xerox 1979,Paper
Office Supplies,OFF-BI-10003925,Fellowes PB300 Plastic Comb Binding Machine,Binders
Technology,TEC-PH-10001530,Plantronics Voyager Pro Legend,Phones
Office Supplies,OFF-EN-10003862,Laser & Ink Jet Business Envelopes,Envelopes
Office Supplies,OFF-ST-10004258,Portable Personal File Box,Storage
Furniture,FUR-FU-10002885,Magna Visual Magnetic Picture Hangers,Furnishings
Furniture,FUR-FU-10001918,C-Line Cubicle Keepers Polyproplyene Holder With Velcro Backings,Furnishings
Office Supplies,OFF-AR-10002956,Boston 16801 Nautilus Battery Pencil Sharpener,Art
Technology,TEC-AC-10003033,Plantronics CS510 - Over-the-Head monaural Wireless Headset System,Accessories
Furniture,FUR-TA-10002903,"Bevis Round Bullnose 29"" High Table Top",Tables
Office Supplies,OFF-PA-10004621,Xerox 212,Paper
Office Supplies,OFF-ST-10000046,Fellowes Super Stor/Drawer Files,Storage
Office Supplies,OFF-PA-10001790,Xerox 1910,Paper
Office Supplies,OFF-EN-10002600,"Redi-Strip #10 Envelopes, 4 1/8 x 9 1/2",Envelopes
Office Supplies,OFF-BI-10002049,UniKeep View Case Binders,Binders
Office Supplies,OFF-PA-10001509,"Recycled Desk Saver Line ""While You Were Out"" Book, 5 1/2"" X 4""",Paper
Technology,TEC-PH-10003931,JBL Micro Wireless Portable Bluetooth Speaker,Phones
Furniture,FUR-FU-10001602,"Eldon Delta Triangular Chair Mat, 52"" x 58"", Clear",Furnishings
Furniture,FUR-FU-10004848,"Howard Miller 13-3/4"" Diameter Brushed Chrome Round Wall Clock",Furnishings
Office Supplies,OFF-ST-10003722,Project Tote Personal File,Storage
Furniture,FUR-TA-10003748,Bevis 36 x 72 Conference Tables,Tables
Technology,TEC-AC-10003198,Enermax Acrylux Wireless Keyboard,Accessories
Office Supplies,OFF-PA-10004100,Xerox 216,Paper
Furniture,FUR-FU-10002191,G.E. Halogen Desk Lamp Bulbs,Furnishings
Furniture,FUR-FU-10000965,"Howard Miller 11-1/2"" Diameter Ridgewood Wall Clock",Furnishings
Technology,TEC-PH-10004188,OtterBox Commuter Series Case - Samsung Galaxy S4,Phones
Office Supplies,OFF-ST-10001526,Iceberg Mobile Mega Data/Printer Cart ,Storage
Office Supplies,OFF-AR-10001166,Staples in misc. colors,Art
Furniture,FUR-CH-10000309,Global Comet Stacking Arm Chair,Chairs
Technology,TEC-MA-10004212,Cisco SPA525G2 5-Line IP Phone,Machines
Office Supplies,OFF-EN-10003072,Peel & Seel Envelopes,Envelopes
Office Supplies,OFF-BI-10000320,GBC Plastic Binding Combs,Binders
Office Supplies,OFF-PA-10001166,Xerox 2,Paper
Office Supplies,OFF-PA-10003656,Xerox 1935,Paper
Technology,TEC-PH-10000148,Cyber Acoustics AC-202b Speech Recognition Stereo Headset,Phones
Office Supplies,OFF-PA-10000474,Easy-staple paper,Paper
Technology,TEC-PH-10003885,Cisco SPA508G,Phones
Furniture,FUR-CH-10003379,Global Commerce Series High-Back Swivel/Tilt Chairs,Chairs
Furniture,FUR-FU-10000629,9-3/4 Diameter Round Wall Clock,Furnishings
Office Supplies,OFF-LA-10001175,Avery 514,Labels
Office Supplies,OFF-PA-10000955,Southworth 25% Cotton Granite Paper & Envelopes,Paper
Office Supplies,OFF-BI-10003460,Acco 3-Hole Punch,Binders
Office Supplies,OFF-BI-10000474,Avery Recycled Flexi-View Covers for Binding Systems,Binders
Furniture,FUR-FU-10003975,Eldon Advantage Chair Mats for Low to Medium Pile Carpets,Furnishings
Office Supplies,OFF-BI-10003707,Aluminum Screw Posts,Binders
